#
# There is insufficient memory for the Java Runtime Environment to continue.
# Native memory allocation (malloc) failed to allocate 257616 bytes for Chunk::new
# Possible reasons:
#   The system is out of physical RAM or swap space
#   The process is running with CompressedOops enabled, and the Java Heap may be blocking the growth of the native heap
# Possible solutions:
#   Reduce memory load on the system
#   Increase physical memory or swap space
#   Check if swap backing store is full
#   Decrease Java heap size (-Xmx/-Xms)
#   Decrease number of Java threads
#   Decrease Java thread stack sizes (-Xss)
#   Set larger code cache with -XX:ReservedCodeCacheSize=
#   JVM is running with Unscaled Compressed Oops mode in which the Java heap is
#     placed in the first 4GB address space. The Java Heap base address is the
#     maximum limit for the native heap growth. Please use -XX:HeapBaseMinAddress
#     to set the Java Heap base and to place the Java Heap above 4GB virtual address.
# This output file may be truncated or incomplete.
#
#  Out of Memory Error (arena.cpp:189), pid=18604, tid=16580
#
# JRE version: Java(TM) SE Runtime Environment (17.0.12+8) (build 17.0.12+8-LTS-286)
# Java VM: Java HotSpot(TM) 64-Bit Server VM (17.0.12+8-LTS-286, mixed mode, sharing, tiered, compressed oops, compressed class ptrs, g1 gc, windows-amd64)
# No core dump will be written. Minidumps are not enabled by default on client versions of Windows
#

---------------  S U M M A R Y ------------

Command Line: --add-opens=java.base/java.lang=ALL-UNNAMED --add-opens=java.base/java.lang.invoke=ALL-UNNAMED --add-opens=java.base/java.util=ALL-UNNAMED --add-opens=java.prefs/java.util.prefs=ALL-UNNAMED --add-exports=jdk.compiler/com.sun.tools.javac.api=ALL-UNNAMED --add-exports=jdk.compiler/com.sun.tools.javac.util=ALL-UNNAMED --add-opens=java.base/java.util=ALL-UNNAMED --add-opens=java.prefs/java.util.prefs=ALL-UNNAMED --add-opens=java.base/java.nio.charset=ALL-UNNAMED --add-opens=java.base/java.net=ALL-UNNAMED --add-opens=java.base/java.util.concurrent.atomic=ALL-UNNAMED --add-opens=java.xml/javax.xml.namespace=ALL-UNNAMED -XX:MaxMetaspaceSize=384m -XX:+HeapDumpOnOutOfMemoryError -Xms256m -Xmx512m -Dfile.encoding=UTF-8 -Duser.country=KR -Duser.language=ko -Duser.variant -javaagent:C:\Users\ict1\.gradle\wrapper\dists\gradle-8.14.3-bin\cv11ve7ro1n3o1j4so8xd9n66\gradle-8.14.3\lib\agents\gradle-instrumentation-agent-8.14.3.jar org.gradle.launcher.daemon.bootstrap.GradleDaemon 8.14.3

Host: 13th Gen Intel(R) Core(TM) i7-13700, 24 cores, 31G,  Windows 11 , 64 bit Build 26100 (10.0.26100.6725)
Time: Tue Nov 11 13:10:57 2025  Windows 11 , 64 bit Build 26100 (10.0.26100.6725) elapsed time: 12199.476199 seconds (0d 3h 23m 19s)

---------------  T H R E A D  ---------------

Current thread (0x00000272afab94d0):  JavaThread "C2 CompilerThread1" daemon [_thread_in_native, id=16580, stack(0x0000007c39800000,0x0000007c39900000)]


Current CompileTask:
C2:12199476 30828       4       java.lang.Class::getSimpleName (26 bytes)

Stack: [0x0000007c39800000,0x0000007c39900000]
Native frames: (J=compiled Java code, j=interpreted, Vv=VM code, C=native code)
V  [jvm.dll+0x67a04a]
V  [jvm.dll+0x7da4ed]
V  [jvm.dll+0x7dbe33]
V  [jvm.dll+0x7dc4a3]
V  [jvm.dll+0x24508f]
V  [jvm.dll+0xab773]
V  [jvm.dll+0xabd3c]
V  [jvm.dll+0x2aa52f]
V  [jvm.dll+0x581eb9]
V  [jvm.dll+0x21f422]
V  [jvm.dll+0x21856c]
V  [jvm.dll+0x215b65]
V  [jvm.dll+0x1a2960]
V  [jvm.dll+0x22610b]
V  [jvm.dll+0x2242ab]
V  [jvm.dll+0x79075c]
V  [jvm.dll+0x78abea]
V  [jvm.dll+0x678f35]
C  [ucrtbase.dll+0x37b0]
C  [KERNEL32.DLL+0x2e8d7]
C  [ntdll.dll+0x8c53c]


---------------  P R O C E S S  ---------------

Threads class SMR info:
_java_thread_list=0x00000272b8095280, length=336, elements={
0x00000272f7f55e40, 0x0000027294620150, 0x0000027294621e30, 0x000002729463c380,
0x000002729463cc50, 0x000002729463d520, 0x000002729463e400, 0x0000027294647420,
0x0000027294654050, 0x0000027294648e70, 0x000002729460c850, 0x000002729483a020,
0x00000272afb25570, 0x00000272afee8d80, 0x00000272b063c9a0, 0x00000272b0361d50,
0x00000272b0361330, 0x00000272b0361840, 0x00000272b17304b0, 0x00000272b17313e0,
0x00000272b1733240, 0x00000272b17318f0, 0x00000272b1732310, 0x00000272b4403ab0,
0x00000272b4406d50, 0x00000272b4407c80, 0x00000272b4409ae0, 0x00000272b4408bb0,
0x00000272b573e8e0, 0x00000272b573ca80, 0x00000272b573c570, 0x00000272b5740740,
0x00000272b354d0b0, 0x00000272b354fe40, 0x00000272b0ed5970, 0x00000272b0ed0870,
0x00000272b202c7f0, 0x00000272b39bfd10, 0x00000272b346d0e0, 0x00000272b346cbd0,
0x00000272b346bca0, 0x00000272c1a39740, 0x00000272b346d5f0, 0x00000272b346c1b0,
0x00000272b346c6c0, 0x00000272b5688a10, 0x00000272b5688500, 0x00000272b5687ae0,
0x00000272b56875d0, 0x00000272b5687ff0, 0x00000272b56870c0, 0x00000272c03296b0,
0x00000272c0327d60, 0x00000272b3929690, 0x00000272b3929180, 0x00000272b3928760,
0x00000272b392aad0, 0x00000272b2d63a30, 0x00000272b2d61bd0, 0x00000272b2d60280,
0x00000272b47d2310, 0x00000272b47d3240, 0x00000272b47d3750, 0x00000272b47d3c60,
0x00000272b47d2820, 0x00000272b47d2d30, 0x00000272b55967c0, 0x00000272b5597c00,
0x00000272b1627650, 0x00000272b1628580, 0x00000272b1626c30, 0x00000272b1628070,
0x00000272b1627140, 0x00000272b72c46e0, 0x00000272b72c37b0, 0x00000272b72c3cc0,
0x00000272b72c0f30, 0x00000272b72c1440, 0x00000272b72c41d0, 0x00000272b72c1950,
0x00000272b72c2880, 0x00000272947b7be0, 0x00000272947b9530, 0x00000272947b8b10,
0x00000272947b9020, 0x00000272947b80f0, 0x00000272b1ce6fb0, 0x00000272b1ce74c0,
0x00000272b1ce79d0, 0x00000272b1ce9320, 0x00000272b1cea250, 0x00000272b1ce7ee0,
0x00000272b1ce6aa0, 0x00000272b1ce83f0, 0x00000272b1ce9d40, 0x00000272b1ce8900,
0x00000272b1ce8e10, 0x00000272b1ce9830, 0x00000272c0066a00, 0x00000272c0063c70,
0x00000272c00664f0, 0x00000272c0065ad0, 0x00000272c0064ba0, 0x00000272c0066f10,
0x00000272c0064180, 0x00000272c0064690, 0x00000272c0063760, 0x00000272c00650b0,
0x00000272c0065fe0, 0x00000272c00655c0, 0x00000272c11c33c0, 0x00000272c11c29a0,
0x00000272c11c2eb0, 0x00000272c11c38d0, 0x00000272c11c5730, 0x00000272c11c3de0,
0x00000272c11c42f0, 0x00000272c11c4800, 0x00000272c11c5220, 0x00000272c11c4d10,
0x00000272c11c5c40, 0x00000272c11c2490, 0x00000272c12f80a0, 0x00000272c12f9f00,
0x00000272c12f7170, 0x00000272c12f7680, 0x00000272c12f6750, 0x00000272b55962b0,
0x00000272b5595380, 0x00000272b5594e70, 0x00000272b5595da0, 0x00000272b5598620,
0x00000272b55976f0, 0x00000272b55971e0, 0x00000272b5596cd0, 0x00000272b5595890,
0x00000272b5598110, 0x00000272b45ec5a0, 0x00000272b45ed9e0, 0x00000272b45ed4d0,
0x00000272b45eb160, 0x00000272b45eb670, 0x00000272b3928c70, 0x00000272b45edef0,
0x00000272b45ebb80, 0x00000272b45ec090, 0x00000272b45ee400, 0x00000272b45ecab0,
0x00000272b45ecfc0, 0x00000272b37dc140, 0x00000272b37db720, 0x00000272c12f99f0,
0x00000272b3927d40, 0x00000272b2d63520, 0x00000272c0329bc0, 0x00000272b0671a80,
0x00000272b5885f30, 0x00000272b2d625f0, 0x00000272b2d60790, 0x00000272b2d60ca0,
0x00000272b0671f90, 0x00000272b06724a0, 0x00000272b0671570, 0x00000272b0671060,
0x00000272b4e199e0, 0x00000272b4e19ef0, 0x00000272b4e1a400, 0x00000272b4e18fc0,
0x00000272b4e1a910, 0x00000272b4e194d0, 0x00000272b4c83b40, 0x00000272b4c85490,
0x00000272b4c82c10, 0x00000272b4c83120, 0x00000272b4c83630, 0x00000272b4c84050,
0x00000272b4c859a0, 0x00000272b4c821f0, 0x00000272b4c84560, 0x00000272b4c84a70,
0x00000272b4c84f80, 0x00000272b4c82700, 0x00000272b06f7f10, 0x00000272b06f8420,
0x00000272b06f65c0, 0x00000272b06f8930, 0x00000272b06f9350, 0x00000272b06f60b0,
0x00000272b06f8e40, 0x00000272b06f5ba0, 0x00000272b06f6ad0, 0x00000272b06f6fe0,
0x00000272b06f74f0, 0x00000272b39f0560, 0x00000272b39f1490, 0x00000272b39f0f80,
0x00000272b39f1eb0, 0x00000272b39f0a70, 0x00000272b39f19a0, 0x00000272b5663910,
0x00000272b5665770, 0x00000272b5661fc0, 0x00000272b56624d0, 0x00000272b5663e20,
0x00000272b5664330, 0x00000272b56629e0, 0x00000272b5662ef0, 0x00000272b2d611b0,
0x00000272b2d620e0, 0x00000272b2d62b00, 0x00000272b5663400, 0x00000272b5665260,
0x00000272b5664840, 0x00000272b5664d50, 0x00000272b39c3870, 0x00000272b39c3360,
0x00000272b39c3d80, 0x00000272b39c4290, 0x00000272b39c2e50, 0x00000272b39c47a0,
0x00000272ae575210, 0x00000272b7d0c370, 0x00000272c0328270, 0x00000272c0328c90,
0x00000272c0327340, 0x00000272c032a0d0, 0x00000272c0327850, 0x00000272b06f7a00,
0x00000272be1ed590, 0x00000272be1ecb70, 0x00000272be1ec150, 0x00000272be1edfb0,
0x00000272be1eb730, 0x00000272be1ed080, 0x00000272be1ee4c0, 0x00000272be1ebc40,
0x00000272be1ec660, 0x00000272be1ee9d0, 0x00000272be1eeee0, 0x00000272be1edaa0,
0x00000272b7f87ac0, 0x00000272b7f88f00, 0x00000272b7f889f0, 0x00000272b7f884e0,
0x00000272c032a5e0, 0x00000272c03291a0, 0x00000272c0328780, 0x00000272b37da7f0,
0x00000272b37d93b0, 0x00000272b37db210, 0x00000272b37dc650, 0x00000272b7d0cd90,
0x00000272b7d0c880, 0x00000272b7d0d2a0, 0x00000272b7d09af0, 0x00000272b7d0a510,
0x00000272c0326e30, 0x00000272b38f8b20, 0x00000272b2d63010, 0x00000272b4425270,
0x00000272b4422f00, 0x00000272b4421ac0, 0x00000272b38f9f60, 0x00000272b38f9030,
0x00000272b38f76e0, 0x00000272b37dcb60, 0x00000272b37d98c0, 0x00000272b37dad00,
0x00000272b37d9dd0, 0x00000272b37dbc30, 0x00000272b37da2e0, 0x00000272b45eac50,
0x00000272b1621ee0, 0x00000272b161fb70, 0x00000272b1620fb0, 0x00000272b1620080,
0x00000272b16219d0, 0x00000272b161f150, 0x00000272b161ec40, 0x00000272b16223f0,
0x00000272b5886950, 0x00000272b5886440, 0x00000272b5885510, 0x00000272b5886e60,
0x00000272b4424d60, 0x00000272b7d0b440, 0x00000272b7d0a000, 0x00000272b7d0aa20,
0x00000272b7d0af30, 0x00000272ae575720, 0x00000272ae5742e0, 0x00000272ae576140,
0x00000272ae572990, 0x00000272ae5747f0, 0x00000272ae575c30, 0x00000272ae5733b0,
0x00000272ae573dd0, 0x00000272ae572ea0, 0x00000272b5885a20, 0x00000272ae3982a0,
0x00000272ae396950, 0x00000272ae395f30, 0x00000272ae396440, 0x00000272ae395a20,
0x00000272ae395000, 0x00000272ae396e60, 0x00000272ae395510, 0x00000272ae397880,
0x00000272ae397370, 0x00000272ae397d90, 0x00000272ae394af0, 0x00000272b392afe0,
0x00000272b392a0b0, 0x00000272b392a5c0, 0x00000272b392b4f0, 0x00000272b3928250,
0x00000272b3929ba0, 0x00000272be43b6b0, 0x00000272be438e30, 0x00000272be438920,
0x00000272b4421fd0, 0x00000272b44224e0, 0x00000272b4423920, 0x00000272b4423e30,
0x00000272b4423410, 0x00000272b4424850, 0x00000272b44229f0, 0x00000272b4424340,
0x00000272af6583f0, 0x00000272b1620aa0, 0x00000272b6322450, 0x00000272b16214c0,
0x00000272b161f660, 0x00000272b1620590, 0x00000272afab94d0, 0x00000272afaba4c0
}

Java Threads: ( => current thread )
  0x00000272f7f55e40 JavaThread "main" [_thread_blocked, id=19516, stack(0x0000007c22d00000,0x0000007c22e00000)]
  0x0000027294620150 JavaThread "Reference Handler" daemon [_thread_blocked, id=18460, stack(0x0000007c23400000,0x0000007c23500000)]
  0x0000027294621e30 JavaThread "Finalizer" daemon [_thread_blocked, id=21024, stack(0x0000007c23500000,0x0000007c23600000)]
  0x000002729463c380 JavaThread "Signal Dispatcher" daemon [_thread_blocked, id=23580, stack(0x0000007c23600000,0x0000007c23700000)]
  0x000002729463cc50 JavaThread "Attach Listener" daemon [_thread_blocked, id=21208, stack(0x0000007c23700000,0x0000007c23800000)]
  0x000002729463d520 JavaThread "Service Thread" daemon [_thread_blocked, id=11364, stack(0x0000007c23800000,0x0000007c23900000)]
  0x000002729463e400 JavaThread "Monitor Deflation Thread" daemon [_thread_blocked, id=10176, stack(0x0000007c23900000,0x0000007c23a00000)]
  0x0000027294647420 JavaThread "C2 CompilerThread0" daemon [_thread_in_native, id=10340, stack(0x0000007c23a00000,0x0000007c23b00000)]
  0x0000027294654050 JavaThread "C1 CompilerThread0" daemon [_thread_blocked, id=24604, stack(0x0000007c23b00000,0x0000007c23c00000)]
  0x0000027294648e70 JavaThread "Sweeper thread" daemon [_thread_blocked, id=22832, stack(0x0000007c23c00000,0x0000007c23d00000)]
  0x000002729460c850 JavaThread "Common-Cleaner" daemon [_thread_blocked, id=2148, stack(0x0000007c23d00000,0x0000007c23e00000)]
  0x000002729483a020 JavaThread "Notification Thread" daemon [_thread_blocked, id=24840, stack(0x0000007c24200000,0x0000007c24300000)]
  0x00000272afb25570 JavaThread "Daemon health stats" [_thread_blocked, id=19900, stack(0x0000007c24c00000,0x0000007c24d00000)]
  0x00000272afee8d80 JavaThread "Incoming local TCP Connector on port 53843" [_thread_in_native, id=25676, stack(0x0000007c24500000,0x0000007c24600000)]
  0x00000272b063c9a0 JavaThread "Daemon periodic checks" [_thread_blocked, id=18300, stack(0x0000007c24600000,0x0000007c24700000)]
  0x00000272b0361d50 JavaThread "Cache worker for journal cache (C:\Users\ict1\.gradle\caches\journal-1)" [_thread_blocked, id=9340, stack(0x0000007c25600000,0x0000007c25700000)]
  0x00000272b0361330 JavaThread "File lock request listener" [_thread_in_native, id=19316, stack(0x0000007c25700000,0x0000007c25800000)]
  0x00000272b0361840 JavaThread "Cache worker for file hash cache (C:\Users\ict1\.gradle\caches\8.14.3\fileHashes)" [_thread_blocked, id=7540, stack(0x0000007c25800000,0x0000007c25900000)]
  0x00000272b17304b0 JavaThread "File watcher server" daemon [_thread_blocked, id=18584, stack(0x0000007c26900000,0x0000007c26a00000)]
  0x00000272b17313e0 JavaThread "File watcher consumer" daemon [_thread_blocked, id=17268, stack(0x0000007c26a00000,0x0000007c26b00000)]
  0x00000272b1733240 JavaThread "jar transforms" [_thread_blocked, id=22024, stack(0x0000007c26b00000,0x0000007c26c00000)]
  0x00000272b17318f0 JavaThread "jar transforms Thread 2" [_thread_blocked, id=11788, stack(0x0000007c26c00000,0x0000007c26d00000)]
  0x00000272b1732310 JavaThread "Cache worker for file content cache (C:\Users\ict1\.gradle\caches\8.14.3\fileContent)" [_thread_blocked, id=8776, stack(0x0000007c27100000,0x0000007c27200000)]
  0x00000272b4403ab0 JavaThread "jar transforms Thread 3" [_thread_blocked, id=9936, stack(0x0000007c27200000,0x0000007c27300000)]
  0x00000272b4406d50 JavaThread "jar transforms Thread 4" [_thread_blocked, id=26604, stack(0x0000007c27f00000,0x0000007c28000000)]
  0x00000272b4407c80 JavaThread "jar transforms Thread 5" [_thread_blocked, id=26188, stack(0x0000007c28000000,0x0000007c28100000)]
  0x00000272b4409ae0 JavaThread "jar transforms Thread 6" [_thread_blocked, id=15268, stack(0x0000007c28600000,0x0000007c28700000)]
  0x00000272b4408bb0 JavaThread "jar transforms Thread 7" [_thread_blocked, id=6624, stack(0x0000007c28700000,0x0000007c28800000)]
  0x00000272b573e8e0 JavaThread "jar transforms Thread 8" [_thread_blocked, id=26052, stack(0x0000007c28d00000,0x0000007c28e00000)]
  0x00000272b573ca80 JavaThread "jar transforms Thread 9" [_thread_blocked, id=24312, stack(0x0000007c28e00000,0x0000007c28f00000)]
  0x00000272b573c570 JavaThread "jar transforms Thread 10" [_thread_blocked, id=23076, stack(0x0000007c28f00000,0x0000007c29000000)]
  0x00000272b5740740 JavaThread "jar transforms Thread 11" [_thread_blocked, id=2936, stack(0x0000007c29000000,0x0000007c29100000)]
  0x00000272b354d0b0 JavaThread "Memory manager" [_thread_blocked, id=23560, stack(0x0000007c2d500000,0x0000007c2d600000)]
  0x00000272b354fe40 JavaThread "jar transforms Thread 12" [_thread_blocked, id=26068, stack(0x0000007c2d600000,0x0000007c2d700000)]
  0x00000272b0ed5970 JavaThread "Cache worker for Java compile cache (C:\Users\ict1\.gradle\caches\8.14.3\javaCompile)" [_thread_blocked, id=23320, stack(0x0000007c26d00000,0x0000007c26e00000)]
  0x00000272b0ed0870 JavaThread "jar transforms Thread 13" [_thread_blocked, id=19852, stack(0x0000007c28300000,0x0000007c28400000)]
  0x00000272b202c7f0 JavaThread "jar transforms Thread 14" [_thread_blocked, id=16796, stack(0x0000007c2b700000,0x0000007c2b800000)]
  0x00000272b39bfd10 JavaThread "ForkJoinPool.commonPool-worker-27" daemon [_thread_blocked, id=10264, stack(0x0000007c37000000,0x0000007c37100000)]
  0x00000272b346d0e0 JavaThread "ForkJoinPool.commonPool-worker-29" daemon [_thread_blocked, id=18428, stack(0x0000007c25200000,0x0000007c25300000)]
  0x00000272b346cbd0 JavaThread "ForkJoinPool.commonPool-worker-30" daemon [_thread_blocked, id=4192, stack(0x0000007c2e900000,0x0000007c2ea00000)]
  0x00000272b346bca0 JavaThread "ForkJoinPool.commonPool-worker-32" daemon [_thread_blocked, id=9312, stack(0x0000007c37100000,0x0000007c37200000)]
  0x00000272c1a39740 JavaThread "Daemon Thread 8" [_thread_blocked, id=21876, stack(0x0000007c22a00000,0x0000007c22b00000)]
  0x00000272b346d5f0 JavaThread "Handler for socket connection from /127.0.0.1:53843 to /127.0.0.1:58248" [_thread_in_native, id=3064, stack(0x0000007c22b00000,0x0000007c22c00000)]
  0x00000272b346c1b0 JavaThread "Cancel handler" [_thread_blocked, id=23172, stack(0x0000007c22c00000,0x0000007c22d00000)]
  0x00000272b346c6c0 JavaThread "Daemon worker Thread 6" [_thread_in_vm, id=12108, stack(0x0000007c23e00000,0x0000007c23f00000)]
  0x00000272b5688a10 JavaThread "Asynchronous log dispatcher for DefaultDaemonConnection: socket connection from /127.0.0.1:53843 to /127.0.0.1:58248" [_thread_blocked, id=7804, stack(0x0000007c23f00000,0x0000007c24000000)]
  0x00000272b5688500 JavaThread "Stdin handler" [_thread_blocked, id=19524, stack(0x0000007c24000000,0x0000007c24100000)]
  0x00000272b5687ae0 JavaThread "Daemon client event forwarder" [_thread_blocked, id=9476, stack(0x0000007c24100000,0x0000007c24200000)]
  0x00000272b56875d0 JavaThread "Cache worker for file hash cache (D:\DEV05\workspace_EUMbank\EUMbank\.gradle\8.14.3\fileHashes)" [_thread_blocked, id=11292, stack(0x0000007c24400000,0x0000007c24500000)]
  0x00000272b5687ff0 JavaThread "Cache worker for Build Output Cleanup Cache (D:\DEV05\workspace_EUMbank\EUMbank\.gradle\buildOutputCleanup)" [_thread_blocked, id=10148, stack(0x0000007c24f00000,0x0000007c25000000)]
  0x00000272b56870c0 JavaThread "jar transforms Thread 15" [_thread_blocked, id=13652, stack(0x0000007c25000000,0x0000007c25100000)]
  0x00000272c03296b0 JavaThread "jar transforms Thread 16" [_thread_blocked, id=21112, stack(0x0000007c25100000,0x0000007c25200000)]
  0x00000272c0327d60 JavaThread "jar transforms Thread 17" [_thread_blocked, id=2964, stack(0x0000007c25300000,0x0000007c25400000)]
  0x00000272b3929690 JavaThread "jar transforms Thread 18" [_thread_blocked, id=3908, stack(0x0000007c25400000,0x0000007c25500000)]
  0x00000272b3929180 JavaThread "jar transforms Thread 19" [_thread_blocked, id=14296, stack(0x0000007c25500000,0x0000007c25600000)]
  0x00000272b3928760 JavaThread "jar transforms Thread 20" [_thread_blocked, id=18020, stack(0x0000007c25900000,0x0000007c25a00000)]
  0x00000272b392aad0 JavaThread "jar transforms Thread 21" [_thread_blocked, id=3408, stack(0x0000007c25a00000,0x0000007c25b00000)]
  0x00000272b2d63a30 JavaThread "jar transforms Thread 22" [_thread_blocked, id=14220, stack(0x0000007c26e00000,0x0000007c26f00000)]
  0x00000272b2d61bd0 JavaThread "jar transforms Thread 23" [_thread_blocked, id=10468, stack(0x0000007c26f00000,0x0000007c27000000)]
  0x00000272b2d60280 JavaThread "jar transforms Thread 24" [_thread_blocked, id=18204, stack(0x0000007c27000000,0x0000007c27100000)]
  0x00000272b47d2310 JavaThread "Cache worker for checksums cache (D:\DEV05\workspace_EUMbank\EUMbank\.gradle\8.14.3\checksums)" [_thread_blocked, id=10616, stack(0x0000007c27300000,0x0000007c27400000)]
  0x00000272b47d3240 JavaThread "Cache worker for cache directory md-supplier (C:\Users\ict1\.gradle\caches\8.14.3\md-supplier)" [_thread_blocked, id=10212, stack(0x0000007c27400000,0x0000007c27500000)]
  0x00000272b47d3750 JavaThread "Cache worker for cache directory md-rule (C:\Users\ict1\.gradle\caches\8.14.3\md-rule)" [_thread_blocked, id=18216, stack(0x0000007c27500000,0x0000007c27600000)]
  0x00000272b47d3c60 JavaThread "Unconstrained build operations" [_thread_blocked, id=22816, stack(0x0000007c27600000,0x0000007c27700000)]
  0x00000272b47d2820 JavaThread "Unconstrained build operations Thread 2" [_thread_blocked, id=21304, stack(0x0000007c27700000,0x0000007c27800000)]
  0x00000272b47d2d30 JavaThread "Unconstrained build operations Thread 3" [_thread_blocked, id=9536, stack(0x0000007c27800000,0x0000007c27900000)]
  0x00000272b55967c0 JavaThread "Unconstrained build operations Thread 4" [_thread_blocked, id=23448, stack(0x0000007c27900000,0x0000007c27a00000)]
  0x00000272b5597c00 JavaThread "Unconstrained build operations Thread 5" [_thread_blocked, id=3144, stack(0x0000007c27a00000,0x0000007c27b00000)]
  0x00000272b1627650 JavaThread "Unconstrained build operations Thread 6" [_thread_blocked, id=11128, stack(0x0000007c27b00000,0x0000007c27c00000)]
  0x00000272b1628580 JavaThread "Unconstrained build operations Thread 7" [_thread_blocked, id=21832, stack(0x0000007c27c00000,0x0000007c27d00000)]
  0x00000272b1626c30 JavaThread "Unconstrained build operations Thread 8" [_thread_blocked, id=19696, stack(0x0000007c27d00000,0x0000007c27e00000)]
  0x00000272b1628070 JavaThread "Unconstrained build operations Thread 9" [_thread_blocked, id=24364, stack(0x0000007c28100000,0x0000007c28200000)]
  0x00000272b1627140 JavaThread "Unconstrained build operations Thread 10" [_thread_blocked, id=22448, stack(0x0000007c28200000,0x0000007c28300000)]
  0x00000272b72c46e0 JavaThread "Unconstrained build operations Thread 11" [_thread_blocked, id=4960, stack(0x0000007c28400000,0x0000007c28500000)]
  0x00000272b72c37b0 JavaThread "Unconstrained build operations Thread 12" [_thread_blocked, id=2660, stack(0x0000007c28500000,0x0000007c28600000)]
  0x00000272b72c3cc0 JavaThread "Unconstrained build operations Thread 13" [_thread_blocked, id=10772, stack(0x0000007c28900000,0x0000007c28a00000)]
  0x00000272b72c0f30 JavaThread "Unconstrained build operations Thread 14" [_thread_blocked, id=10064, stack(0x0000007c28a00000,0x0000007c28b00000)]
  0x00000272b72c1440 JavaThread "Unconstrained build operations Thread 15" [_thread_blocked, id=12432, stack(0x0000007c28b00000,0x0000007c28c00000)]
  0x00000272b72c41d0 JavaThread "Unconstrained build operations Thread 16" [_thread_blocked, id=2688, stack(0x0000007c28c00000,0x0000007c28d00000)]
  0x00000272b72c1950 JavaThread "Unconstrained build operations Thread 17" [_thread_blocked, id=10492, stack(0x0000007c29100000,0x0000007c29200000)]
  0x00000272b72c2880 JavaThread "Unconstrained build operations Thread 18" [_thread_blocked, id=26472, stack(0x0000007c29200000,0x0000007c29300000)]
  0x00000272947b7be0 JavaThread "Unconstrained build operations Thread 19" [_thread_blocked, id=5116, stack(0x0000007c29500000,0x0000007c29600000)]
  0x00000272947b9530 JavaThread "Unconstrained build operations Thread 20" [_thread_blocked, id=20460, stack(0x0000007c29600000,0x0000007c29700000)]
  0x00000272947b8b10 JavaThread "Unconstrained build operations Thread 21" [_thread_blocked, id=3824, stack(0x0000007c29700000,0x0000007c29800000)]
  0x00000272947b9020 JavaThread "Unconstrained build operations Thread 22" [_thread_blocked, id=8384, stack(0x0000007c29800000,0x0000007c29900000)]
  0x00000272947b80f0 JavaThread "Unconstrained build operations Thread 23" [_thread_blocked, id=23840, stack(0x0000007c29900000,0x0000007c29a00000)]
  0x00000272b1ce6fb0 JavaThread "Unconstrained build operations Thread 24" [_thread_blocked, id=23060, stack(0x0000007c29a00000,0x0000007c29b00000)]
  0x00000272b1ce74c0 JavaThread "Unconstrained build operations Thread 25" [_thread_blocked, id=17612, stack(0x0000007c29b00000,0x0000007c29c00000)]
  0x00000272b1ce79d0 JavaThread "Unconstrained build operations Thread 26" [_thread_blocked, id=11040, stack(0x0000007c29c00000,0x0000007c29d00000)]
  0x00000272b1ce9320 JavaThread "Unconstrained build operations Thread 27" [_thread_blocked, id=11352, stack(0x0000007c29d00000,0x0000007c29e00000)]
  0x00000272b1cea250 JavaThread "Unconstrained build operations Thread 28" [_thread_blocked, id=23768, stack(0x0000007c29e00000,0x0000007c29f00000)]
  0x00000272b1ce7ee0 JavaThread "Unconstrained build operations Thread 29" [_thread_blocked, id=11552, stack(0x0000007c29f00000,0x0000007c2a000000)]
  0x00000272b1ce6aa0 JavaThread "Unconstrained build operations Thread 30" [_thread_blocked, id=10768, stack(0x0000007c2a000000,0x0000007c2a100000)]
  0x00000272b1ce83f0 JavaThread "Unconstrained build operations Thread 31" [_thread_blocked, id=15444, stack(0x0000007c2a100000,0x0000007c2a200000)]
  0x00000272b1ce9d40 JavaThread "Unconstrained build operations Thread 32" [_thread_blocked, id=12784, stack(0x0000007c2a200000,0x0000007c2a300000)]
  0x00000272b1ce8900 JavaThread "Unconstrained build operations Thread 33" [_thread_blocked, id=7504, stack(0x0000007c2a300000,0x0000007c2a400000)]
  0x00000272b1ce8e10 JavaThread "Unconstrained build operations Thread 34" [_thread_blocked, id=9528, stack(0x0000007c2a400000,0x0000007c2a500000)]
  0x00000272b1ce9830 JavaThread "Unconstrained build operations Thread 35" [_thread_blocked, id=20652, stack(0x0000007c2a500000,0x0000007c2a600000)]
  0x00000272c0066a00 JavaThread "Unconstrained build operations Thread 36" [_thread_blocked, id=1460, stack(0x0000007c2a600000,0x0000007c2a700000)]
  0x00000272c0063c70 JavaThread "Unconstrained build operations Thread 37" [_thread_blocked, id=18568, stack(0x0000007c2a700000,0x0000007c2a800000)]
  0x00000272c00664f0 JavaThread "Unconstrained build operations Thread 38" [_thread_blocked, id=8036, stack(0x0000007c2a800000,0x0000007c2a900000)]
  0x00000272c0065ad0 JavaThread "Unconstrained build operations Thread 39" [_thread_blocked, id=18088, stack(0x0000007c2a900000,0x0000007c2aa00000)]
  0x00000272c0064ba0 JavaThread "Unconstrained build operations Thread 40" [_thread_blocked, id=25708, stack(0x0000007c2aa00000,0x0000007c2ab00000)]
  0x00000272c0066f10 JavaThread "Unconstrained build operations Thread 41" [_thread_blocked, id=15344, stack(0x0000007c2ab00000,0x0000007c2ac00000)]
  0x00000272c0064180 JavaThread "Unconstrained build operations Thread 42" [_thread_blocked, id=16016, stack(0x0000007c2ac00000,0x0000007c2ad00000)]
  0x00000272c0064690 JavaThread "Unconstrained build operations Thread 43" [_thread_blocked, id=8984, stack(0x0000007c2ad00000,0x0000007c2ae00000)]
  0x00000272c0063760 JavaThread "Unconstrained build operations Thread 44" [_thread_blocked, id=19708, stack(0x0000007c2ae00000,0x0000007c2af00000)]
  0x00000272c00650b0 JavaThread "Unconstrained build operations Thread 45" [_thread_blocked, id=12028, stack(0x0000007c2af00000,0x0000007c2b000000)]
  0x00000272c0065fe0 JavaThread "Unconstrained build operations Thread 46" [_thread_blocked, id=16620, stack(0x0000007c2b000000,0x0000007c2b100000)]
  0x00000272c00655c0 JavaThread "Unconstrained build operations Thread 47" [_thread_blocked, id=16780, stack(0x0000007c2b100000,0x0000007c2b200000)]
  0x00000272c11c33c0 JavaThread "Unconstrained build operations Thread 48" [_thread_blocked, id=22324, stack(0x0000007c2b200000,0x0000007c2b300000)]
  0x00000272c11c29a0 JavaThread "Unconstrained build operations Thread 49" [_thread_blocked, id=21800, stack(0x0000007c2b300000,0x0000007c2b400000)]
  0x00000272c11c2eb0 JavaThread "Unconstrained build operations Thread 50" [_thread_blocked, id=22308, stack(0x0000007c2b400000,0x0000007c2b500000)]
  0x00000272c11c38d0 JavaThread "Unconstrained build operations Thread 51" [_thread_blocked, id=23068, stack(0x0000007c2b500000,0x0000007c2b600000)]
  0x00000272c11c5730 JavaThread "Unconstrained build operations Thread 52" [_thread_blocked, id=24648, stack(0x0000007c2b600000,0x0000007c2b700000)]
  0x00000272c11c3de0 JavaThread "Unconstrained build operations Thread 53" [_thread_blocked, id=13056, stack(0x0000007c2b800000,0x0000007c2b900000)]
  0x00000272c11c42f0 JavaThread "Unconstrained build operations Thread 54" [_thread_blocked, id=18472, stack(0x0000007c2b900000,0x0000007c2ba00000)]
  0x00000272c11c4800 JavaThread "Unconstrained build operations Thread 55" [_thread_blocked, id=6728, stack(0x0000007c2ba00000,0x0000007c2bb00000)]
  0x00000272c11c5220 JavaThread "Unconstrained build operations Thread 56" [_thread_blocked, id=19916, stack(0x0000007c2bb00000,0x0000007c2bc00000)]
  0x00000272c11c4d10 JavaThread "Unconstrained build operations Thread 57" [_thread_blocked, id=17824, stack(0x0000007c2bc00000,0x0000007c2bd00000)]
  0x00000272c11c5c40 JavaThread "Unconstrained build operations Thread 58" [_thread_blocked, id=9308, stack(0x0000007c2bd00000,0x0000007c2be00000)]
  0x00000272c11c2490 JavaThread "Unconstrained build operations Thread 59" [_thread_blocked, id=3864, stack(0x0000007c2be00000,0x0000007c2bf00000)]
  0x00000272c12f80a0 JavaThread "Unconstrained build operations Thread 60" [_thread_blocked, id=3032, stack(0x0000007c2bf00000,0x0000007c2c000000)]
  0x00000272c12f9f00 JavaThread "Unconstrained build operations Thread 61" [_thread_blocked, id=10232, stack(0x0000007c2c000000,0x0000007c2c100000)]
  0x00000272c12f7170 JavaThread "Unconstrained build operations Thread 62" [_thread_blocked, id=23240, stack(0x0000007c2c100000,0x0000007c2c200000)]
  0x00000272c12f7680 JavaThread "Unconstrained build operations Thread 63" [_thread_blocked, id=4428, stack(0x0000007c2c200000,0x0000007c2c300000)]
  0x00000272c12f6750 JavaThread "included builds" [_thread_blocked, id=12808, stack(0x0000007c2c300000,0x0000007c2c400000)]
  0x00000272b55962b0 JavaThread "Execution worker" [_thread_blocked, id=20792, stack(0x0000007c2c400000,0x0000007c2c500000)]
  0x00000272b5595380 JavaThread "Execution worker Thread 2" [_thread_blocked, id=5072, stack(0x0000007c2c500000,0x0000007c2c600000)]
  0x00000272b5594e70 JavaThread "Execution worker Thread 3" [_thread_blocked, id=9080, stack(0x0000007c2c600000,0x0000007c2c700000)]
  0x00000272b5595da0 JavaThread "Execution worker Thread 4" [_thread_blocked, id=25688, stack(0x0000007c2c700000,0x0000007c2c800000)]
  0x00000272b5598620 JavaThread "Execution worker Thread 5" [_thread_blocked, id=23352, stack(0x0000007c2c800000,0x0000007c2c900000)]
  0x00000272b55976f0 JavaThread "Execution worker Thread 6" [_thread_blocked, id=10804, stack(0x0000007c2c900000,0x0000007c2ca00000)]
  0x00000272b55971e0 JavaThread "Execution worker Thread 7" [_thread_blocked, id=1180, stack(0x0000007c2ca00000,0x0000007c2cb00000)]
  0x00000272b5596cd0 JavaThread "Execution worker Thread 8" [_thread_blocked, id=17420, stack(0x0000007c2cb00000,0x0000007c2cc00000)]
  0x00000272b5595890 JavaThread "Execution worker Thread 9" [_thread_blocked, id=23532, stack(0x0000007c2cc00000,0x0000007c2cd00000)]
  0x00000272b5598110 JavaThread "Execution worker Thread 10" [_thread_blocked, id=15004, stack(0x0000007c2cd00000,0x0000007c2ce00000)]
  0x00000272b45ec5a0 JavaThread "Execution worker Thread 11" [_thread_blocked, id=2260, stack(0x0000007c2ce00000,0x0000007c2cf00000)]
  0x00000272b45ed9e0 JavaThread "Execution worker Thread 12" [_thread_blocked, id=11720, stack(0x0000007c2cf00000,0x0000007c2d000000)]
  0x00000272b45ed4d0 JavaThread "Execution worker Thread 13" [_thread_blocked, id=16616, stack(0x0000007c2d000000,0x0000007c2d100000)]
  0x00000272b45eb160 JavaThread "Execution worker Thread 14" [_thread_blocked, id=17904, stack(0x0000007c2d100000,0x0000007c2d200000)]
  0x00000272b45eb670 JavaThread "Execution worker Thread 15" [_thread_blocked, id=1844, stack(0x0000007c2d200000,0x0000007c2d300000)]
  0x00000272b3928c70 JavaThread "Cache worker for execution history cache (D:\DEV05\workspace_EUMbank\EUMbank\.gradle\8.14.3\executionHistory)" [_thread_blocked, id=21004, stack(0x0000007c2d300000,0x0000007c2d400000)]
  0x00000272b45edef0 JavaThread "Execution worker Thread 16" [_thread_blocked, id=9348, stack(0x0000007c2d400000,0x0000007c2d500000)]
  0x00000272b45ebb80 JavaThread "Execution worker Thread 17" [_thread_blocked, id=23776, stack(0x0000007c2d900000,0x0000007c2da00000)]
  0x00000272b45ec090 JavaThread "Execution worker Thread 18" [_thread_blocked, id=16820, stack(0x0000007c2da00000,0x0000007c2db00000)]
  0x00000272b45ee400 JavaThread "Execution worker Thread 19" [_thread_blocked, id=21736, stack(0x0000007c2db00000,0x0000007c2dc00000)]
  0x00000272b45ecab0 JavaThread "Execution worker Thread 20" [_thread_blocked, id=14004, stack(0x0000007c2dc00000,0x0000007c2dd00000)]
  0x00000272b45ecfc0 JavaThread "Execution worker Thread 21" [_thread_blocked, id=23940, stack(0x0000007c2dd00000,0x0000007c2de00000)]
  0x00000272b37dc140 JavaThread "Execution worker Thread 22" [_thread_blocked, id=10000, stack(0x0000007c2de00000,0x0000007c2df00000)]
  0x00000272b37db720 JavaThread "Execution worker Thread 23" [_thread_blocked, id=17412, stack(0x0000007c2df00000,0x0000007c2e000000)]
  0x00000272c12f99f0 JavaThread "idea-tooling-model-converter" [_thread_blocked, id=15348, stack(0x0000007c2e000000,0x0000007c2e100000)]
  0x00000272b3927d40 JavaThread "ForkJoinPool.commonPool-worker-35" daemon [_thread_blocked, id=24584, stack(0x0000007c29400000,0x0000007c29500000)]
  0x00000272b2d63520 JavaThread "ForkJoinPool.commonPool-worker-36" daemon [_thread_blocked, id=25856, stack(0x0000007c2e100000,0x0000007c2e200000)]
  0x00000272c0329bc0 JavaThread "ForkJoinPool.commonPool-worker-37" daemon [_thread_blocked, id=18552, stack(0x0000007c2e200000,0x0000007c2e300000)]
  0x00000272b0671a80 JavaThread "ForkJoinPool.commonPool-worker-38" daemon [_thread_blocked, id=21428, stack(0x0000007c2e300000,0x0000007c2e400000)]
  0x00000272b5885f30 JavaThread "ForkJoinPool.commonPool-worker-39" daemon [_thread_blocked, id=13072, stack(0x0000007c2e400000,0x0000007c2e500000)]
  0x00000272b2d625f0 JavaThread "Unconstrained build operations Thread 64" [_thread_blocked, id=5400, stack(0x0000007c2e500000,0x0000007c2e600000)]
  0x00000272b2d60790 JavaThread "Unconstrained build operations Thread 65" [_thread_blocked, id=4236, stack(0x0000007c2e600000,0x0000007c2e700000)]
  0x00000272b2d60ca0 JavaThread "Unconstrained build operations Thread 66" [_thread_blocked, id=1996, stack(0x0000007c2e700000,0x0000007c2e800000)]
  0x00000272b0671f90 JavaThread "Unconstrained build operations Thread 67" [_thread_blocked, id=23788, stack(0x0000007c2e800000,0x0000007c2e900000)]
  0x00000272b06724a0 JavaThread "Unconstrained build operations Thread 68" [_thread_blocked, id=19720, stack(0x0000007c2ea00000,0x0000007c2eb00000)]
  0x00000272b0671570 JavaThread "Unconstrained build operations Thread 69" [_thread_blocked, id=21540, stack(0x0000007c2eb00000,0x0000007c2ec00000)]
  0x00000272b0671060 JavaThread "Unconstrained build operations Thread 70" [_thread_blocked, id=11376, stack(0x0000007c2ec00000,0x0000007c2ed00000)]
  0x00000272b4e199e0 JavaThread "Unconstrained build operations Thread 71" [_thread_blocked, id=16880, stack(0x0000007c2ed00000,0x0000007c2ee00000)]
  0x00000272b4e19ef0 JavaThread "Unconstrained build operations Thread 72" [_thread_blocked, id=15592, stack(0x0000007c2ee00000,0x0000007c2ef00000)]
  0x00000272b4e1a400 JavaThread "Unconstrained build operations Thread 73" [_thread_blocked, id=18824, stack(0x0000007c2ef00000,0x0000007c2f000000)]
  0x00000272b4e18fc0 JavaThread "Unconstrained build operations Thread 74" [_thread_blocked, id=5940, stack(0x0000007c2f000000,0x0000007c2f100000)]
  0x00000272b4e1a910 JavaThread "Unconstrained build operations Thread 75" [_thread_blocked, id=14152, stack(0x0000007c2f100000,0x0000007c2f200000)]
  0x00000272b4e194d0 JavaThread "Unconstrained build operations Thread 76" [_thread_blocked, id=10488, stack(0x0000007c2f200000,0x0000007c2f300000)]
  0x00000272b4c83b40 JavaThread "Unconstrained build operations Thread 77" [_thread_blocked, id=7980, stack(0x0000007c2f300000,0x0000007c2f400000)]
  0x00000272b4c85490 JavaThread "Unconstrained build operations Thread 78" [_thread_blocked, id=20152, stack(0x0000007c2f400000,0x0000007c2f500000)]
  0x00000272b4c82c10 JavaThread "Unconstrained build operations Thread 79" [_thread_blocked, id=21260, stack(0x0000007c2f500000,0x0000007c2f600000)]
  0x00000272b4c83120 JavaThread "Unconstrained build operations Thread 80" [_thread_blocked, id=10036, stack(0x0000007c2f600000,0x0000007c2f700000)]
  0x00000272b4c83630 JavaThread "Unconstrained build operations Thread 81" [_thread_blocked, id=3780, stack(0x0000007c2f700000,0x0000007c2f800000)]
  0x00000272b4c84050 JavaThread "Unconstrained build operations Thread 82" [_thread_blocked, id=4828, stack(0x0000007c2f800000,0x0000007c2f900000)]
  0x00000272b4c859a0 JavaThread "Unconstrained build operations Thread 83" [_thread_blocked, id=12788, stack(0x0000007c2f900000,0x0000007c2fa00000)]
  0x00000272b4c821f0 JavaThread "Unconstrained build operations Thread 84" [_thread_blocked, id=20360, stack(0x0000007c2fa00000,0x0000007c2fb00000)]
  0x00000272b4c84560 JavaThread "Unconstrained build operations Thread 85" [_thread_blocked, id=8148, stack(0x0000007c2fb00000,0x0000007c2fc00000)]
  0x00000272b4c84a70 JavaThread "Unconstrained build operations Thread 86" [_thread_blocked, id=3092, stack(0x0000007c2fc00000,0x0000007c2fd00000)]
  0x00000272b4c84f80 JavaThread "Unconstrained build operations Thread 87" [_thread_blocked, id=2368, stack(0x0000007c2fd00000,0x0000007c2fe00000)]
  0x00000272b4c82700 JavaThread "Unconstrained build operations Thread 88" [_thread_blocked, id=25512, stack(0x0000007c2fe00000,0x0000007c2ff00000)]
  0x00000272b06f7f10 JavaThread "Unconstrained build operations Thread 89" [_thread_blocked, id=25092, stack(0x0000007c2ff00000,0x0000007c30000000)]
  0x00000272b06f8420 JavaThread "Unconstrained build operations Thread 90" [_thread_blocked, id=14864, stack(0x0000007c30000000,0x0000007c30100000)]
  0x00000272b06f65c0 JavaThread "Unconstrained build operations Thread 91" [_thread_blocked, id=18820, stack(0x0000007c30100000,0x0000007c30200000)]
  0x00000272b06f8930 JavaThread "Unconstrained build operations Thread 92" [_thread_blocked, id=25836, stack(0x0000007c30200000,0x0000007c30300000)]
  0x00000272b06f9350 JavaThread "Unconstrained build operations Thread 93" [_thread_blocked, id=6836, stack(0x0000007c30300000,0x0000007c30400000)]
  0x00000272b06f60b0 JavaThread "Unconstrained build operations Thread 94" [_thread_blocked, id=17852, stack(0x0000007c30400000,0x0000007c30500000)]
  0x00000272b06f8e40 JavaThread "Unconstrained build operations Thread 95" [_thread_blocked, id=20424, stack(0x0000007c30500000,0x0000007c30600000)]
  0x00000272b06f5ba0 JavaThread "Unconstrained build operations Thread 96" [_thread_blocked, id=21668, stack(0x0000007c30600000,0x0000007c30700000)]
  0x00000272b06f6ad0 JavaThread "Unconstrained build operations Thread 97" [_thread_blocked, id=23952, stack(0x0000007c30700000,0x0000007c30800000)]
  0x00000272b06f6fe0 JavaThread "Unconstrained build operations Thread 98" [_thread_blocked, id=15424, stack(0x0000007c30800000,0x0000007c30900000)]
  0x00000272b06f74f0 JavaThread "Unconstrained build operations Thread 99" [_thread_blocked, id=16248, stack(0x0000007c30900000,0x0000007c30a00000)]
  0x00000272b39f0560 JavaThread "Unconstrained build operations Thread 100" [_thread_blocked, id=14452, stack(0x0000007c30a00000,0x0000007c30b00000)]
  0x00000272b39f1490 JavaThread "Unconstrained build operations Thread 101" [_thread_blocked, id=11440, stack(0x0000007c30b00000,0x0000007c30c00000)]
  0x00000272b39f0f80 JavaThread "Unconstrained build operations Thread 102" [_thread_blocked, id=21076, stack(0x0000007c30c00000,0x0000007c30d00000)]
  0x00000272b39f1eb0 JavaThread "Unconstrained build operations Thread 103" [_thread_blocked, id=20512, stack(0x0000007c30d00000,0x0000007c30e00000)]
  0x00000272b39f0a70 JavaThread "Unconstrained build operations Thread 104" [_thread_blocked, id=16048, stack(0x0000007c30e00000,0x0000007c30f00000)]
  0x00000272b39f19a0 JavaThread "Unconstrained build operations Thread 105" [_thread_blocked, id=16240, stack(0x0000007c30f00000,0x0000007c31000000)]
  0x00000272b5663910 JavaThread "Unconstrained build operations Thread 106" [_thread_blocked, id=9696, stack(0x0000007c31000000,0x0000007c31100000)]
  0x00000272b5665770 JavaThread "Unconstrained build operations Thread 107" [_thread_blocked, id=11728, stack(0x0000007c31100000,0x0000007c31200000)]
  0x00000272b5661fc0 JavaThread "Unconstrained build operations Thread 108" [_thread_blocked, id=21776, stack(0x0000007c31200000,0x0000007c31300000)]
  0x00000272b56624d0 JavaThread "Unconstrained build operations Thread 109" [_thread_blocked, id=20252, stack(0x0000007c31300000,0x0000007c31400000)]
  0x00000272b5663e20 JavaThread "Unconstrained build operations Thread 110" [_thread_blocked, id=21924, stack(0x0000007c31400000,0x0000007c31500000)]
  0x00000272b5664330 JavaThread "Unconstrained build operations Thread 111" [_thread_blocked, id=10640, stack(0x0000007c31500000,0x0000007c31600000)]
  0x00000272b56629e0 JavaThread "Unconstrained build operations Thread 112" [_thread_blocked, id=24812, stack(0x0000007c31600000,0x0000007c31700000)]
  0x00000272b5662ef0 JavaThread "Unconstrained build operations Thread 113" [_thread_blocked, id=11616, stack(0x0000007c31700000,0x0000007c31800000)]
  0x00000272b2d611b0 JavaThread "Unconstrained build operations Thread 114" [_thread_blocked, id=19220, stack(0x0000007c31800000,0x0000007c31900000)]
  0x00000272b2d620e0 JavaThread "Unconstrained build operations Thread 115" [_thread_blocked, id=10720, stack(0x0000007c31900000,0x0000007c31a00000)]
  0x00000272b2d62b00 JavaThread "Unconstrained build operations Thread 116" [_thread_blocked, id=5556, stack(0x0000007c31a00000,0x0000007c31b00000)]
  0x00000272b5663400 JavaThread "Unconstrained build operations Thread 117" [_thread_blocked, id=8252, stack(0x0000007c31b00000,0x0000007c31c00000)]
  0x00000272b5665260 JavaThread "Unconstrained build operations Thread 118" [_thread_blocked, id=18652, stack(0x0000007c31c00000,0x0000007c31d00000)]
  0x00000272b5664840 JavaThread "Unconstrained build operations Thread 119" [_thread_blocked, id=10552, stack(0x0000007c31d00000,0x0000007c31e00000)]
  0x00000272b5664d50 JavaThread "Unconstrained build operations Thread 120" [_thread_blocked, id=23876, stack(0x0000007c31e00000,0x0000007c31f00000)]
  0x00000272b39c3870 JavaThread "Unconstrained build operations Thread 121" [_thread_blocked, id=21128, stack(0x0000007c31f00000,0x0000007c32000000)]
  0x00000272b39c3360 JavaThread "Unconstrained build operations Thread 122" [_thread_blocked, id=13204, stack(0x0000007c32000000,0x0000007c32100000)]
  0x00000272b39c3d80 JavaThread "Unconstrained build operations Thread 123" [_thread_blocked, id=8840, stack(0x0000007c32100000,0x0000007c32200000)]
  0x00000272b39c4290 JavaThread "Unconstrained build operations Thread 124" [_thread_blocked, id=8224, stack(0x0000007c32200000,0x0000007c32300000)]
  0x00000272b39c2e50 JavaThread "Unconstrained build operations Thread 125" [_thread_blocked, id=3388, stack(0x0000007c32300000,0x0000007c32400000)]
  0x00000272b39c47a0 JavaThread "Unconstrained build operations Thread 126" [_thread_blocked, id=25864, stack(0x0000007c32400000,0x0000007c32500000)]
  0x00000272ae575210 JavaThread "Unconstrained build operations Thread 127" [_thread_blocked, id=11736, stack(0x0000007c32500000,0x0000007c32600000)]
  0x00000272b7d0c370 JavaThread "Unconstrained build operations Thread 128" [_thread_blocked, id=12412, stack(0x0000007c32600000,0x0000007c32700000)]
  0x00000272c0328270 JavaThread "Unconstrained build operations Thread 129" [_thread_blocked, id=8204, stack(0x0000007c32700000,0x0000007c32800000)]
  0x00000272c0328c90 JavaThread "Unconstrained build operations Thread 130" [_thread_blocked, id=20148, stack(0x0000007c32800000,0x0000007c32900000)]
  0x00000272c0327340 JavaThread "Unconstrained build operations Thread 131" [_thread_blocked, id=11500, stack(0x0000007c32900000,0x0000007c32a00000)]
  0x00000272c032a0d0 JavaThread "Unconstrained build operations Thread 132" [_thread_blocked, id=11700, stack(0x0000007c32c00000,0x0000007c32d00000)]
  0x00000272c0327850 JavaThread "Unconstrained build operations Thread 133" [_thread_blocked, id=20008, stack(0x0000007c32d00000,0x0000007c32e00000)]
  0x00000272b06f7a00 JavaThread "Unconstrained build operations Thread 134" [_thread_blocked, id=21780, stack(0x0000007c32e00000,0x0000007c32f00000)]
  0x00000272be1ed590 JavaThread "Unconstrained build operations Thread 135" [_thread_blocked, id=26420, stack(0x0000007c32f00000,0x0000007c33000000)]
  0x00000272be1ecb70 JavaThread "Unconstrained build operations Thread 136" [_thread_blocked, id=12916, stack(0x0000007c33000000,0x0000007c33100000)]
  0x00000272be1ec150 JavaThread "Unconstrained build operations Thread 137" [_thread_blocked, id=26596, stack(0x0000007c33100000,0x0000007c33200000)]
  0x00000272be1edfb0 JavaThread "Unconstrained build operations Thread 138" [_thread_blocked, id=18624, stack(0x0000007c33200000,0x0000007c33300000)]
  0x00000272be1eb730 JavaThread "Unconstrained build operations Thread 139" [_thread_blocked, id=18860, stack(0x0000007c33300000,0x0000007c33400000)]
  0x00000272be1ed080 JavaThread "Unconstrained build operations Thread 140" [_thread_blocked, id=2972, stack(0x0000007c33400000,0x0000007c33500000)]
  0x00000272be1ee4c0 JavaThread "Unconstrained build operations Thread 141" [_thread_blocked, id=18888, stack(0x0000007c33500000,0x0000007c33600000)]
  0x00000272be1ebc40 JavaThread "Unconstrained build operations Thread 142" [_thread_blocked, id=17488, stack(0x0000007c33600000,0x0000007c33700000)]
  0x00000272be1ec660 JavaThread "Unconstrained build operations Thread 143" [_thread_blocked, id=3396, stack(0x0000007c33700000,0x0000007c33800000)]
  0x00000272be1ee9d0 JavaThread "Unconstrained build operations Thread 144" [_thread_blocked, id=8108, stack(0x0000007c33800000,0x0000007c33900000)]
  0x00000272be1eeee0 JavaThread "Unconstrained build operations Thread 145" [_thread_blocked, id=20344, stack(0x0000007c33900000,0x0000007c33a00000)]
  0x00000272be1edaa0 JavaThread "Unconstrained build operations Thread 146" [_thread_blocked, id=21548, stack(0x0000007c33a00000,0x0000007c33b00000)]
  0x00000272b7f87ac0 JavaThread "Unconstrained build operations Thread 147" [_thread_blocked, id=23684, stack(0x0000007c33b00000,0x0000007c33c00000)]
  0x00000272b7f88f00 JavaThread "Unconstrained build operations Thread 148" [_thread_blocked, id=20936, stack(0x0000007c33c00000,0x0000007c33d00000)]
  0x00000272b7f889f0 JavaThread "Unconstrained build operations Thread 149" [_thread_blocked, id=25460, stack(0x0000007c33d00000,0x0000007c33e00000)]
  0x00000272b7f884e0 JavaThread "Unconstrained build operations Thread 150" [_thread_blocked, id=8880, stack(0x0000007c33e00000,0x0000007c33f00000)]
  0x00000272c032a5e0 JavaThread "Unconstrained build operations Thread 151" [_thread_blocked, id=23020, stack(0x0000007c33f00000,0x0000007c34000000)]
  0x00000272c03291a0 JavaThread "Unconstrained build operations Thread 152" [_thread_blocked, id=5928, stack(0x0000007c34000000,0x0000007c34100000)]
  0x00000272c0328780 JavaThread "Unconstrained build operations Thread 153" [_thread_blocked, id=15764, stack(0x0000007c34100000,0x0000007c34200000)]
  0x00000272b37da7f0 JavaThread "Unconstrained build operations Thread 154" [_thread_blocked, id=13788, stack(0x0000007c34200000,0x0000007c34300000)]
  0x00000272b37d93b0 JavaThread "Unconstrained build operations Thread 155" [_thread_blocked, id=12700, stack(0x0000007c34300000,0x0000007c34400000)]
  0x00000272b37db210 JavaThread "Unconstrained build operations Thread 156" [_thread_blocked, id=15868, stack(0x0000007c34400000,0x0000007c34500000)]
  0x00000272b37dc650 JavaThread "Unconstrained build operations Thread 157" [_thread_blocked, id=21828, stack(0x0000007c34500000,0x0000007c34600000)]
  0x00000272b7d0cd90 JavaThread "Unconstrained build operations Thread 158" [_thread_blocked, id=14320, stack(0x0000007c34600000,0x0000007c34700000)]
  0x00000272b7d0c880 JavaThread "Unconstrained build operations Thread 159" [_thread_blocked, id=24700, stack(0x0000007c34700000,0x0000007c34800000)]
  0x00000272b7d0d2a0 JavaThread "Unconstrained build operations Thread 160" [_thread_blocked, id=17332, stack(0x0000007c34800000,0x0000007c34900000)]
  0x00000272b7d09af0 JavaThread "Unconstrained build operations Thread 161" [_thread_blocked, id=10848, stack(0x0000007c28800000,0x0000007c28900000)]
  0x00000272b7d0a510 JavaThread "Unconstrained build operations Thread 162" [_thread_blocked, id=12172, stack(0x0000007c34900000,0x0000007c34a00000)]
  0x00000272c0326e30 JavaThread "Unconstrained build operations Thread 163" [_thread_blocked, id=25452, stack(0x0000007c34a00000,0x0000007c34b00000)]
  0x00000272b38f8b20 JavaThread "Unconstrained build operations Thread 164" [_thread_blocked, id=13052, stack(0x0000007c34b00000,0x0000007c34c00000)]
  0x00000272b2d63010 JavaThread "Unconstrained build operations Thread 165" [_thread_blocked, id=20804, stack(0x0000007c27e00000,0x0000007c27f00000)]
  0x00000272b4425270 JavaThread "Unconstrained build operations Thread 166" [_thread_blocked, id=15124, stack(0x0000007c34c00000,0x0000007c34d00000)]
  0x00000272b4422f00 JavaThread "Unconstrained build operations Thread 167" [_thread_blocked, id=16204, stack(0x0000007c34d00000,0x0000007c34e00000)]
  0x00000272b4421ac0 JavaThread "Unconstrained build operations Thread 168" [_thread_blocked, id=23556, stack(0x0000007c34e00000,0x0000007c34f00000)]
  0x00000272b38f9f60 JavaThread "Unconstrained build operations Thread 169" [_thread_blocked, id=14776, stack(0x0000007c34f00000,0x0000007c35000000)]
  0x00000272b38f9030 JavaThread "Unconstrained build operations Thread 170" [_thread_blocked, id=4124, stack(0x0000007c35000000,0x0000007c35100000)]
  0x00000272b38f76e0 JavaThread "Unconstrained build operations Thread 171" [_thread_blocked, id=20796, stack(0x0000007c35100000,0x0000007c35200000)]
  0x00000272b37dcb60 JavaThread "Unconstrained build operations Thread 172" [_thread_blocked, id=15884, stack(0x0000007c35200000,0x0000007c35300000)]
  0x00000272b37d98c0 JavaThread "Unconstrained build operations Thread 173" [_thread_blocked, id=26504, stack(0x0000007c35300000,0x0000007c35400000)]
  0x00000272b37dad00 JavaThread "Unconstrained build operations Thread 174" [_thread_blocked, id=25700, stack(0x0000007c35400000,0x0000007c35500000)]
  0x00000272b37d9dd0 JavaThread "Unconstrained build operations Thread 175" [_thread_blocked, id=23168, stack(0x0000007c35500000,0x0000007c35600000)]
  0x00000272b37dbc30 JavaThread "Unconstrained build operations Thread 176" [_thread_blocked, id=2112, stack(0x0000007c35600000,0x0000007c35700000)]
  0x00000272b37da2e0 JavaThread "Unconstrained build operations Thread 177" [_thread_blocked, id=14844, stack(0x0000007c35700000,0x0000007c35800000)]
  0x00000272b45eac50 JavaThread "Unconstrained build operations Thread 178" [_thread_blocked, id=20372, stack(0x0000007c35800000,0x0000007c35900000)]
  0x00000272b1621ee0 JavaThread "Unconstrained build operations Thread 179" [_thread_blocked, id=11108, stack(0x0000007c35900000,0x0000007c35a00000)]
  0x00000272b161fb70 JavaThread "Unconstrained build operations Thread 180" [_thread_blocked, id=20948, stack(0x0000007c35a00000,0x0000007c35b00000)]
  0x00000272b1620fb0 JavaThread "Unconstrained build operations Thread 181" [_thread_blocked, id=25036, stack(0x0000007c35b00000,0x0000007c35c00000)]
  0x00000272b1620080 JavaThread "Unconstrained build operations Thread 182" [_thread_blocked, id=21480, stack(0x0000007c35c00000,0x0000007c35d00000)]
  0x00000272b16219d0 JavaThread "Unconstrained build operations Thread 183" [_thread_blocked, id=14640, stack(0x0000007c35d00000,0x0000007c35e00000)]
  0x00000272b161f150 JavaThread "Unconstrained build operations Thread 184" [_thread_blocked, id=18608, stack(0x0000007c35e00000,0x0000007c35f00000)]
  0x00000272b161ec40 JavaThread "Unconstrained build operations Thread 185" [_thread_blocked, id=19756, stack(0x0000007c35f00000,0x0000007c36000000)]
  0x00000272b16223f0 JavaThread "Unconstrained build operations Thread 186" [_thread_blocked, id=5128, stack(0x0000007c36000000,0x0000007c36100000)]
  0x00000272b5886950 JavaThread "Unconstrained build operations Thread 187" [_thread_blocked, id=22668, stack(0x0000007c36100000,0x0000007c36200000)]
  0x00000272b5886440 JavaThread "Unconstrained build operations Thread 188" [_thread_blocked, id=15752, stack(0x0000007c36200000,0x0000007c36300000)]
  0x00000272b5885510 JavaThread "Unconstrained build operations Thread 189" [_thread_blocked, id=26224, stack(0x0000007c36300000,0x0000007c36400000)]
  0x00000272b5886e60 JavaThread "Unconstrained build operations Thread 190" [_thread_blocked, id=26036, stack(0x0000007c36400000,0x0000007c36500000)]
  0x00000272b4424d60 JavaThread "Unconstrained build operations Thread 191" [_thread_blocked, id=6436, stack(0x0000007c36500000,0x0000007c36600000)]
  0x00000272b7d0b440 JavaThread "Unconstrained build operations Thread 192" [_thread_blocked, id=20276, stack(0x0000007c36600000,0x0000007c36700000)]
  0x00000272b7d0a000 JavaThread "Unconstrained build operations Thread 193" [_thread_blocked, id=22968, stack(0x0000007c36700000,0x0000007c36800000)]
  0x00000272b7d0aa20 JavaThread "Unconstrained build operations Thread 194" [_thread_blocked, id=2292, stack(0x0000007c36800000,0x0000007c36900000)]
  0x00000272b7d0af30 JavaThread "Unconstrained build operations Thread 195" [_thread_blocked, id=4156, stack(0x0000007c36900000,0x0000007c36a00000)]
  0x00000272ae575720 JavaThread "Unconstrained build operations Thread 196" [_thread_blocked, id=25328, stack(0x0000007c36a00000,0x0000007c36b00000)]
  0x00000272ae5742e0 JavaThread "Unconstrained build operations Thread 197" [_thread_blocked, id=8756, stack(0x0000007c36b00000,0x0000007c36c00000)]
  0x00000272ae576140 JavaThread "Unconstrained build operations Thread 198" [_thread_blocked, id=23396, stack(0x0000007c36c00000,0x0000007c36d00000)]
  0x00000272ae572990 JavaThread "Unconstrained build operations Thread 199" [_thread_blocked, id=19196, stack(0x0000007c36d00000,0x0000007c36e00000)]
  0x00000272ae5747f0 JavaThread "Unconstrained build operations Thread 200" [_thread_blocked, id=26072, stack(0x0000007c36e00000,0x0000007c36f00000)]
  0x00000272ae575c30 JavaThread "Unconstrained build operations Thread 201" [_thread_blocked, id=9012, stack(0x0000007c36f00000,0x0000007c37000000)]
  0x00000272ae5733b0 JavaThread "Unconstrained build operations Thread 202" [_thread_blocked, id=21408, stack(0x0000007c37200000,0x0000007c37300000)]
  0x00000272ae573dd0 JavaThread "Unconstrained build operations Thread 203" [_thread_blocked, id=10128, stack(0x0000007c37300000,0x0000007c37400000)]
  0x00000272ae572ea0 JavaThread "Unconstrained build operations Thread 204" [_thread_blocked, id=14684, stack(0x0000007c37400000,0x0000007c37500000)]
  0x00000272b5885a20 JavaThread "Unconstrained build operations Thread 205" [_thread_blocked, id=1876, stack(0x0000007c37500000,0x0000007c37600000)]
  0x00000272ae3982a0 JavaThread "Unconstrained build operations Thread 206" [_thread_blocked, id=16984, stack(0x0000007c37600000,0x0000007c37700000)]
  0x00000272ae396950 JavaThread "Unconstrained build operations Thread 207" [_thread_blocked, id=19520, stack(0x0000007c37700000,0x0000007c37800000)]
  0x00000272ae395f30 JavaThread "Unconstrained build operations Thread 208" [_thread_blocked, id=20140, stack(0x0000007c37800000,0x0000007c37900000)]
  0x00000272ae396440 JavaThread "Unconstrained build operations Thread 209" [_thread_blocked, id=10752, stack(0x0000007c37900000,0x0000007c37a00000)]
  0x00000272ae395a20 JavaThread "Unconstrained build operations Thread 210" [_thread_blocked, id=536, stack(0x0000007c37a00000,0x0000007c37b00000)]
  0x00000272ae395000 JavaThread "Unconstrained build operations Thread 211" [_thread_blocked, id=12692, stack(0x0000007c37b00000,0x0000007c37c00000)]
  0x00000272ae396e60 JavaThread "Unconstrained build operations Thread 212" [_thread_blocked, id=17076, stack(0x0000007c37c00000,0x0000007c37d00000)]
  0x00000272ae395510 JavaThread "Unconstrained build operations Thread 213" [_thread_blocked, id=17744, stack(0x0000007c37d00000,0x0000007c37e00000)]
  0x00000272ae397880 JavaThread "Unconstrained build operations Thread 214" [_thread_blocked, id=17884, stack(0x0000007c37e00000,0x0000007c37f00000)]
  0x00000272ae397370 JavaThread "Unconstrained build operations Thread 215" [_thread_blocked, id=4116, stack(0x0000007c37f00000,0x0000007c38000000)]
  0x00000272ae397d90 JavaThread "Unconstrained build operations Thread 216" [_thread_blocked, id=24136, stack(0x0000007c38000000,0x0000007c38100000)]
  0x00000272ae394af0 JavaThread "Unconstrained build operations Thread 217" [_thread_blocked, id=13100, stack(0x0000007c38100000,0x0000007c38200000)]
  0x00000272b392afe0 JavaThread "Unconstrained build operations Thread 218" [_thread_blocked, id=6540, stack(0x0000007c38200000,0x0000007c38300000)]
  0x00000272b392a0b0 JavaThread "Unconstrained build operations Thread 219" [_thread_blocked, id=17472, stack(0x0000007c38300000,0x0000007c38400000)]
  0x00000272b392a5c0 JavaThread "Unconstrained build operations Thread 220" [_thread_blocked, id=7648, stack(0x0000007c38400000,0x0000007c38500000)]
  0x00000272b392b4f0 JavaThread "Unconstrained build operations Thread 221" [_thread_blocked, id=15064, stack(0x0000007c38500000,0x0000007c38600000)]
  0x00000272b3928250 JavaThread "Unconstrained build operations Thread 222" [_thread_blocked, id=12936, stack(0x0000007c38600000,0x0000007c38700000)]
  0x00000272b3929ba0 JavaThread "Unconstrained build operations Thread 223" [_thread_blocked, id=18072, stack(0x0000007c38700000,0x0000007c38800000)]
  0x00000272be43b6b0 JavaThread "Unconstrained build operations Thread 224" [_thread_blocked, id=8176, stack(0x0000007c38800000,0x0000007c38900000)]
  0x00000272be438e30 JavaThread "Unconstrained build operations Thread 225" [_thread_blocked, id=14648, stack(0x0000007c38900000,0x0000007c38a00000)]
  0x00000272be438920 JavaThread "Unconstrained build operations Thread 226" [_thread_blocked, id=9068, stack(0x0000007c38a00000,0x0000007c38b00000)]
  0x00000272b4421fd0 JavaThread "Unconstrained build operations Thread 227" [_thread_blocked, id=3964, stack(0x0000007c38b00000,0x0000007c38c00000)]
  0x00000272b44224e0 JavaThread "Unconstrained build operations Thread 228" [_thread_blocked, id=26520, stack(0x0000007c38c00000,0x0000007c38d00000)]
  0x00000272b4423920 JavaThread "Unconstrained build operations Thread 229" [_thread_blocked, id=23504, stack(0x0000007c38d00000,0x0000007c38e00000)]
  0x00000272b4423e30 JavaThread "Unconstrained build operations Thread 230" [_thread_blocked, id=9500, stack(0x0000007c38e00000,0x0000007c38f00000)]
  0x00000272b4423410 JavaThread "Unconstrained build operations Thread 231" [_thread_blocked, id=21848, stack(0x0000007c29300000,0x0000007c29400000)]
  0x00000272b4424850 JavaThread "Unconstrained build operations Thread 232" [_thread_blocked, id=9840, stack(0x0000007c38f00000,0x0000007c39000000)]
  0x00000272b44229f0 JavaThread "Unconstrained build operations Thread 233" [_thread_blocked, id=7808, stack(0x0000007c39000000,0x0000007c39100000)]
  0x00000272b4424340 JavaThread "Unconstrained build operations Thread 234" [_thread_blocked, id=10644, stack(0x0000007c39100000,0x0000007c39200000)]
  0x00000272af6583f0 JavaThread "Unconstrained build operations Thread 235" [_thread_blocked, id=21824, stack(0x0000007c39200000,0x0000007c39300000)]
  0x00000272b1620aa0 JavaThread "Unconstrained build operations Thread 236" [_thread_blocked, id=21960, stack(0x0000007c39300000,0x0000007c39400000)]
  0x00000272b6322450 JavaThread "Unconstrained build operations Thread 237" [_thread_blocked, id=23732, stack(0x0000007c39400000,0x0000007c39500000)]
  0x00000272b16214c0 JavaThread "Unconstrained build operations Thread 238" [_thread_blocked, id=3296, stack(0x0000007c39500000,0x0000007c39600000)]
  0x00000272b161f660 JavaThread "Unconstrained build operations Thread 239" [_thread_blocked, id=24680, stack(0x0000007c39600000,0x0000007c39700000)]
  0x00000272b1620590 JavaThread "Unconstrained build operations Thread 240" [_thread_blocked, id=14804, stack(0x0000007c39700000,0x0000007c39800000)]
=>0x00000272afab94d0 JavaThread "C2 CompilerThread1" daemon [_thread_in_native, id=16580, stack(0x0000007c39800000,0x0000007c39900000)]
  0x00000272afaba4c0 JavaThread "C1 CompilerThread1" daemon [_thread_blocked, id=6820, stack(0x0000007c39900000,0x0000007c39a00000)]

Other Threads:
  0x000002729461c8a0 VMThread "VM Thread" [stack: 0x0000007c23300000,0x0000007c23400000] [id=23212] _threads_hazard_ptr=0x00000272b8095280
  0x00000272f7fed8d0 WatcherThread [stack: 0x0000007c24300000,0x0000007c24400000] [id=13504]
  0x00000272f7f8a7f0 GCTaskThread "GC Thread#0" [stack: 0x0000007c22e00000,0x0000007c22f00000] [id=18228]
  0x0000027294965c20 GCTaskThread "GC Thread#1" [stack: 0x0000007c24700000,0x0000007c24800000] [id=22848]
  0x00000272ae45f3c0 GCTaskThread "GC Thread#2" [stack: 0x0000007c24800000,0x0000007c24900000] [id=26316]
  0x00000272ae45f680 GCTaskThread "GC Thread#3" [stack: 0x0000007c24900000,0x0000007c24a00000] [id=24308]
  0x00000272ae0d7330 GCTaskThread "GC Thread#4" [stack: 0x0000007c24a00000,0x0000007c24b00000] [id=15056]
  0x00000272ae17f140 GCTaskThread "GC Thread#5" [stack: 0x0000007c24b00000,0x0000007c24c00000] [id=23760]
  0x00000272aef69f20 GCTaskThread "GC Thread#6" [stack: 0x0000007c24d00000,0x0000007c24e00000] [id=26104]
  0x00000272b030d470 GCTaskThread "GC Thread#7" [stack: 0x0000007c24e00000,0x0000007c24f00000] [id=26028]
  0x00000272b07f4100 GCTaskThread "GC Thread#8" [stack: 0x0000007c25b00000,0x0000007c25c00000] [id=14268]
  0x00000272b239c270 GCTaskThread "GC Thread#9" [stack: 0x0000007c25c00000,0x0000007c25d00000] [id=23644]
  0x00000272b0612ea0 GCTaskThread "GC Thread#10" [stack: 0x0000007c25d00000,0x0000007c25e00000] [id=18368]
  0x00000272b0613160 GCTaskThread "GC Thread#11" [stack: 0x0000007c25e00000,0x0000007c25f00000] [id=22908]
  0x00000272b0613420 GCTaskThread "GC Thread#12" [stack: 0x0000007c25f00000,0x0000007c26000000] [id=24328]
  0x00000272b1d9f090 GCTaskThread "GC Thread#13" [stack: 0x0000007c26000000,0x0000007c26100000] [id=5232]
  0x00000272b1b3fc00 GCTaskThread "GC Thread#14" [stack: 0x0000007c26100000,0x0000007c26200000] [id=24744]
  0x00000272b1b3e080 GCTaskThread "GC Thread#15" [stack: 0x0000007c26200000,0x0000007c26300000] [id=11076]
  0x00000272b1b3ee40 GCTaskThread "GC Thread#16" [stack: 0x0000007c26300000,0x0000007c26400000] [id=12396]
  0x00000272b1b3e600 GCTaskThread "GC Thread#17" [stack: 0x0000007c26400000,0x0000007c26500000] [id=18324]
  0x00000272f7f74810 ConcurrentGCThread "G1 Main Marker" [stack: 0x0000007c22f00000,0x0000007c23000000] [id=17116]
  0x00000272f6449fd0 ConcurrentGCThread "G1 Conc#0" [stack: 0x0000007c23000000,0x0000007c23100000] [id=22112]
  0x00000272b1b3e8c0 ConcurrentGCThread "G1 Conc#1" [stack: 0x0000007c26500000,0x0000007c26600000] [id=23928]
  0x00000272b1b3e340 ConcurrentGCThread "G1 Conc#2" [stack: 0x0000007c26600000,0x0000007c26700000] [id=10432]
  0x00000272b1b3eb80 ConcurrentGCThread "G1 Conc#3" [stack: 0x0000007c26700000,0x0000007c26800000] [id=5432]
  0x00000272b1b3f3c0 ConcurrentGCThread "G1 Conc#4" [stack: 0x0000007c26800000,0x0000007c26900000] [id=10592]
  0x00000272944ddf30 ConcurrentGCThread "G1 Refine#0" [stack: 0x0000007c23100000,0x0000007c23200000] [id=21340]
  0x00000272b30446b0 ConcurrentGCThread "G1 Refine#1" [stack: 0x0000007c2d700000,0x0000007c2d800000] [id=26136]
  0x00000272b3043510 ConcurrentGCThread "G1 Refine#2" [stack: 0x0000007c2d800000,0x0000007c2d900000] [id=25632]
  0x00000272b3042f30 ConcurrentGCThread "G1 Refine#3" [stack: 0x0000007c3b000000,0x0000007c3b100000] [id=22444]
  0x00000272b3043800 ConcurrentGCThread "G1 Refine#4" [stack: 0x0000007c3b100000,0x0000007c3b200000] [id=12956]
  0x00000272b2571530 ConcurrentGCThread "G1 Refine#5" [stack: 0x0000007c3b200000,0x0000007c3b300000] [id=22708]
  0x00000272b5bfcf30 ConcurrentGCThread "G1 Refine#6" [stack: 0x0000007c3b300000,0x0000007c3b400000] [id=25636]
  0x00000272b5bfcc40 ConcurrentGCThread "G1 Refine#7" [stack: 0x0000007c3b400000,0x0000007c3b500000] [id=16748]
  0x00000272944e0620 ConcurrentGCThread "G1 Service" [stack: 0x0000007c23200000,0x0000007c23300000] [id=8116]

Threads with active compile tasks:
C2 CompilerThread0  12201529 30935       4       com.amazon.ion.impl.bin.IonManagedBinaryWriter::setFieldName (48 bytes)
C2 CompilerThread1  12201529 30828       4       java.lang.Class::getSimpleName (26 bytes)

VM state: synchronizing (normal execution)

VM Mutex/Monitor currently owned by a thread:  ([mutex/lock_event])
[0x00000272f6386280] Metaspace_lock - owner thread: 0x00000272b346c6c0
[0x00000272f6385f20] Threads_lock - owner thread: 0x000002729461c8a0

Heap address: 0x00000000e0000000, size: 512 MB, Compressed Oops mode: 32-bit

CDS archive(s) mapped at: [0x0000027295000000-0x0000027295bd0000-0x0000027295bd0000), size 12386304, SharedBaseAddress: 0x0000027295000000, ArchiveRelocationMode: 1.
Compressed class space mapped at: 0x0000027296000000-0x00000272aa000000, reserved size: 335544320
Narrow klass base: 0x0000027295000000, Narrow klass shift: 0, Narrow klass range: 0x100000000

GC Precious Log:
 CPUs: 24 total, 24 available
 Memory: 32396M
 Large Page Support: Disabled
 NUMA Support: Disabled
 Compressed Oops: Enabled (32-bit)
 Heap Region Size: 1M
 Heap Min Capacity: 256M
 Heap Initial Capacity: 256M
 Heap Max Capacity: 512M
 Pre-touch: Disabled
 Parallel Workers: 18
 Concurrent Workers: 5
 Concurrent Refinement Workers: 18
 Periodic GC: Disabled

Heap:
 garbage-first heap   total 475136K, used 305600K [0x00000000e0000000, 0x0000000100000000)
  region size 1024K, 118 young (120832K), 3 survivors (3072K)
 Metaspace       used 96985K, committed 97856K, reserved 458752K
  class space    used 12645K, committed 13056K, reserved 327680K

Heap Regions: E=young(eden), S=young(survivor), O=old, HS=humongous(starts), HC=humongous(continues), CS=collection set, F=free, OA=open archive, CA=closed archive, TAMS=top-at-mark-start (previous, next)
|   0|0x00000000e0000000, 0x00000000e0100000, 0x00000000e0100000|100%|HS|  |TAMS 0x00000000e0100000, 0x00000000e0000000| Complete 
|   1|0x00000000e0100000, 0x00000000e0200000, 0x00000000e0200000|100%|HC|  |TAMS 0x00000000e0200000, 0x00000000e0100000| Complete 
|   2|0x00000000e0200000, 0x00000000e0300000, 0x00000000e0300000|100%|HC|  |TAMS 0x00000000e0300000, 0x00000000e0200000| Complete 
|   3|0x00000000e0300000, 0x00000000e0400000, 0x00000000e0400000|100%| O|  |TAMS 0x00000000e0400000, 0x00000000e0300000| Untracked 
|   4|0x00000000e0400000, 0x00000000e0500000, 0x00000000e0500000|100%| O|  |TAMS 0x00000000e0500000, 0x00000000e0400000| Untracked 
|   5|0x00000000e0500000, 0x00000000e0600000, 0x00000000e0600000|100%| O|  |TAMS 0x00000000e0600000, 0x00000000e0500000| Untracked 
|   6|0x00000000e0600000, 0x00000000e0700000, 0x00000000e0700000|100%|HS|  |TAMS 0x00000000e0700000, 0x00000000e0600000| Complete 
|   7|0x00000000e0700000, 0x00000000e0800000, 0x00000000e0800000|100%| O|  |TAMS 0x00000000e0800000, 0x00000000e0700000| Untracked 
|   8|0x00000000e0800000, 0x00000000e0900000, 0x00000000e0900000|100%| O|  |TAMS 0x00000000e0900000, 0x00000000e0800000| Untracked 
|   9|0x00000000e0900000, 0x00000000e0a00000, 0x00000000e0a00000|100%| O|  |TAMS 0x00000000e0a00000, 0x00000000e0900000| Untracked 
|  10|0x00000000e0a00000, 0x00000000e0b00000, 0x00000000e0b00000|100%|HS|  |TAMS 0x00000000e0b00000, 0x00000000e0a00000| Complete 
|  11|0x00000000e0b00000, 0x00000000e0c00000, 0x00000000e0c00000|100%|HC|  |TAMS 0x00000000e0c00000, 0x00000000e0b00000| Complete 
|  12|0x00000000e0c00000, 0x00000000e0d00000, 0x00000000e0d00000|100%| O|  |TAMS 0x00000000e0d00000, 0x00000000e0c00000| Untracked 
|  13|0x00000000e0d00000, 0x00000000e0e00000, 0x00000000e0e00000|100%| O|  |TAMS 0x00000000e0e00000, 0x00000000e0d00000| Untracked 
|  14|0x00000000e0e00000, 0x00000000e0f00000, 0x00000000e0f00000|100%| O|  |TAMS 0x00000000e0f00000, 0x00000000e0e00000| Untracked 
|  15|0x00000000e0f00000, 0x00000000e1000000, 0x00000000e1000000|100%| O|  |TAMS 0x00000000e1000000, 0x00000000e0f00000| Untracked 
|  16|0x00000000e1000000, 0x00000000e1100000, 0x00000000e1100000|100%| O|  |TAMS 0x00000000e1100000, 0x00000000e1000000| Untracked 
|  17|0x00000000e1100000, 0x00000000e1200000, 0x00000000e1200000|100%| O|  |TAMS 0x00000000e1200000, 0x00000000e1100000| Untracked 
|  18|0x00000000e1200000, 0x00000000e1300000, 0x00000000e1300000|100%| O|  |TAMS 0x00000000e1300000, 0x00000000e1200000| Untracked 
|  19|0x00000000e1300000, 0x00000000e1400000, 0x00000000e1400000|100%| O|  |TAMS 0x00000000e1400000, 0x00000000e1300000| Untracked 
|  20|0x00000000e1400000, 0x00000000e1500000, 0x00000000e1500000|100%| O|  |TAMS 0x00000000e1500000, 0x00000000e1400000| Untracked 
|  21|0x00000000e1500000, 0x00000000e1600000, 0x00000000e1600000|100%| O|  |TAMS 0x00000000e1600000, 0x00000000e1500000| Untracked 
|  22|0x00000000e1600000, 0x00000000e1700000, 0x00000000e1700000|100%| O|  |TAMS 0x00000000e1700000, 0x00000000e1600000| Untracked 
|  23|0x00000000e1700000, 0x00000000e1800000, 0x00000000e1800000|100%| O|  |TAMS 0x00000000e1800000, 0x00000000e1700000| Untracked 
|  24|0x00000000e1800000, 0x00000000e1900000, 0x00000000e1900000|100%| O|  |TAMS 0x00000000e1900000, 0x00000000e1800000| Untracked 
|  25|0x00000000e1900000, 0x00000000e1a00000, 0x00000000e1a00000|100%| O|  |TAMS 0x00000000e1a00000, 0x00000000e1900000| Untracked 
|  26|0x00000000e1a00000, 0x00000000e1b00000, 0x00000000e1b00000|100%| O|  |TAMS 0x00000000e1b00000, 0x00000000e1a00000| Untracked 
|  27|0x00000000e1b00000, 0x00000000e1c00000, 0x00000000e1c00000|100%| O|  |TAMS 0x00000000e1c00000, 0x00000000e1b00000| Untracked 
|  28|0x00000000e1c00000, 0x00000000e1d00000, 0x00000000e1d00000|100%| O|  |TAMS 0x00000000e1d00000, 0x00000000e1c00000| Untracked 
|  29|0x00000000e1d00000, 0x00000000e1e00000, 0x00000000e1e00000|100%| O|  |TAMS 0x00000000e1e00000, 0x00000000e1d00000| Untracked 
|  30|0x00000000e1e00000, 0x00000000e1e00000, 0x00000000e1f00000|  0%| F|  |TAMS 0x00000000e1e00000, 0x00000000e1e00000| Untracked 
|  31|0x00000000e1f00000, 0x00000000e2000000, 0x00000000e2000000|100%| O|  |TAMS 0x00000000e2000000, 0x00000000e1f00000| Untracked 
|  32|0x00000000e2000000, 0x00000000e2100000, 0x00000000e2100000|100%| O|  |TAMS 0x00000000e2000000, 0x00000000e2000000| Untracked 
|  33|0x00000000e2100000, 0x00000000e2200000, 0x00000000e2200000|100%| O|  |TAMS 0x00000000e2100000, 0x00000000e2100000| Untracked 
|  34|0x00000000e2200000, 0x00000000e2300000, 0x00000000e2300000|100%| O|  |TAMS 0x00000000e2200000, 0x00000000e2200000| Untracked 
|  35|0x00000000e2300000, 0x00000000e2400000, 0x00000000e2400000|100%| O|  |TAMS 0x00000000e2300000, 0x00000000e2300000| Untracked 
|  36|0x00000000e2400000, 0x00000000e2400000, 0x00000000e2500000|  0%| F|  |TAMS 0x00000000e2400000, 0x00000000e2400000| Untracked 
|  37|0x00000000e2500000, 0x00000000e2600000, 0x00000000e2600000|100%| O|  |TAMS 0x00000000e2500000, 0x00000000e2500000| Untracked 
|  38|0x00000000e2600000, 0x00000000e2700000, 0x00000000e2700000|100%|HS|  |TAMS 0x00000000e2700000, 0x00000000e2600000| Complete 
|  39|0x00000000e2700000, 0x00000000e2800000, 0x00000000e2800000|100%|HS|  |TAMS 0x00000000e2800000, 0x00000000e2700000| Complete 
|  40|0x00000000e2800000, 0x00000000e2900000, 0x00000000e2900000|100%| O|  |TAMS 0x00000000e2900000, 0x00000000e2800000| Untracked 
|  41|0x00000000e2900000, 0x00000000e2a00000, 0x00000000e2a00000|100%| O|  |TAMS 0x00000000e2900000, 0x00000000e2900000| Untracked 
|  42|0x00000000e2a00000, 0x00000000e2b00000, 0x00000000e2b00000|100%| O|  |TAMS 0x00000000e2b00000, 0x00000000e2a00000| Untracked 
|  43|0x00000000e2b00000, 0x00000000e2c00000, 0x00000000e2c00000|100%| O|  |TAMS 0x00000000e2c00000, 0x00000000e2b00000| Untracked 
|  44|0x00000000e2c00000, 0x00000000e2d00000, 0x00000000e2d00000|100%|HS|  |TAMS 0x00000000e2d00000, 0x00000000e2c00000| Complete 
|  45|0x00000000e2d00000, 0x00000000e2d00000, 0x00000000e2e00000|  0%| F|  |TAMS 0x00000000e2d00000, 0x00000000e2d00000| Untracked 
|  46|0x00000000e2e00000, 0x00000000e2f00000, 0x00000000e2f00000|100%|HS|  |TAMS 0x00000000e2f00000, 0x00000000e2e00000| Complete 
|  47|0x00000000e2f00000, 0x00000000e3000000, 0x00000000e3000000|100%| O|  |TAMS 0x00000000e3000000, 0x00000000e2f00000| Untracked 
|  48|0x00000000e3000000, 0x00000000e3100000, 0x00000000e3100000|100%| O|  |TAMS 0x00000000e3100000, 0x00000000e3000000| Untracked 
|  49|0x00000000e3100000, 0x00000000e3200000, 0x00000000e3200000|100%| O|  |TAMS 0x00000000e3200000, 0x00000000e3100000| Untracked 
|  50|0x00000000e3200000, 0x00000000e3300000, 0x00000000e3300000|100%| O|  |TAMS 0x00000000e3300000, 0x00000000e3200000| Untracked 
|  51|0x00000000e3300000, 0x00000000e3400000, 0x00000000e3400000|100%| O|  |TAMS 0x00000000e3400000, 0x00000000e3300000| Untracked 
|  52|0x00000000e3400000, 0x00000000e3500000, 0x00000000e3500000|100%|HS|  |TAMS 0x00000000e3500000, 0x00000000e3400000| Complete 
|  53|0x00000000e3500000, 0x00000000e3600000, 0x00000000e3600000|100%| O|  |TAMS 0x00000000e3500000, 0x00000000e3500000| Untracked 
|  54|0x00000000e3600000, 0x00000000e3700000, 0x00000000e3700000|100%| O|  |TAMS 0x00000000e3600000, 0x00000000e3600000| Untracked 
|  55|0x00000000e3700000, 0x00000000e3800000, 0x00000000e3800000|100%| O|  |TAMS 0x00000000e3800000, 0x00000000e3700000| Untracked 
|  56|0x00000000e3800000, 0x00000000e3900000, 0x00000000e3900000|100%|HS|  |TAMS 0x00000000e3900000, 0x00000000e3800000| Complete 
|  57|0x00000000e3900000, 0x00000000e3a00000, 0x00000000e3a00000|100%|HC|  |TAMS 0x00000000e3a00000, 0x00000000e3900000| Complete 
|  58|0x00000000e3a00000, 0x00000000e3b00000, 0x00000000e3b00000|100%|HC|  |TAMS 0x00000000e3b00000, 0x00000000e3a00000| Complete 
|  59|0x00000000e3b00000, 0x00000000e3c00000, 0x00000000e3c00000|100%|HC|  |TAMS 0x00000000e3c00000, 0x00000000e3b00000| Complete 
|  60|0x00000000e3c00000, 0x00000000e3d00000, 0x00000000e3d00000|100%|HC|  |TAMS 0x00000000e3d00000, 0x00000000e3c00000| Complete 
|  61|0x00000000e3d00000, 0x00000000e3e00000, 0x00000000e3e00000|100%|HC|  |TAMS 0x00000000e3e00000, 0x00000000e3d00000| Complete 
|  62|0x00000000e3e00000, 0x00000000e3f00000, 0x00000000e3f00000|100%|HS|  |TAMS 0x00000000e3f00000, 0x00000000e3e00000| Complete 
|  63|0x00000000e3f00000, 0x00000000e4000000, 0x00000000e4000000|100%|HC|  |TAMS 0x00000000e4000000, 0x00000000e3f00000| Complete 
|  64|0x00000000e4000000, 0x00000000e4100000, 0x00000000e4100000|100%| O|  |TAMS 0x00000000e4100000, 0x00000000e4000000| Untracked 
|  65|0x00000000e4100000, 0x00000000e4200000, 0x00000000e4200000|100%|HS|  |TAMS 0x00000000e4200000, 0x00000000e4100000| Complete 
|  66|0x00000000e4200000, 0x00000000e4300000, 0x00000000e4300000|100%|HC|  |TAMS 0x00000000e4300000, 0x00000000e4200000| Complete 
|  67|0x00000000e4300000, 0x00000000e4400000, 0x00000000e4400000|100%| O|  |TAMS 0x00000000e4400000, 0x00000000e4300000| Untracked 
|  68|0x00000000e4400000, 0x00000000e4500000, 0x00000000e4500000|100%| O|  |TAMS 0x00000000e4500000, 0x00000000e4400000| Untracked 
|  69|0x00000000e4500000, 0x00000000e4600000, 0x00000000e4600000|100%| O|  |TAMS 0x00000000e4500000, 0x00000000e4500000| Untracked 
|  70|0x00000000e4600000, 0x00000000e4700000, 0x00000000e4700000|100%| O|  |TAMS 0x00000000e4600000, 0x00000000e4600000| Untracked 
|  71|0x00000000e4700000, 0x00000000e4800000, 0x00000000e4800000|100%| O|  |TAMS 0x00000000e4800000, 0x00000000e4700000| Untracked 
|  72|0x00000000e4800000, 0x00000000e4900000, 0x00000000e4900000|100%| O|  |TAMS 0x00000000e4800000, 0x00000000e4800000| Untracked 
|  73|0x00000000e4900000, 0x00000000e4a00000, 0x00000000e4a00000|100%| O|  |TAMS 0x00000000e4900000, 0x00000000e4900000| Untracked 
|  74|0x00000000e4a00000, 0x00000000e4b00000, 0x00000000e4b00000|100%| O|  |TAMS 0x00000000e4b00000, 0x00000000e4a00000| Untracked 
|  75|0x00000000e4b00000, 0x00000000e4c00000, 0x00000000e4c00000|100%| O|  |TAMS 0x00000000e4c00000, 0x00000000e4b00000| Untracked 
|  76|0x00000000e4c00000, 0x00000000e4d00000, 0x00000000e4d00000|100%| O|  |TAMS 0x00000000e4d00000, 0x00000000e4c00000| Untracked 
|  77|0x00000000e4d00000, 0x00000000e4e00000, 0x00000000e4e00000|100%|HS|  |TAMS 0x00000000e4e00000, 0x00000000e4d00000| Complete 
|  78|0x00000000e4e00000, 0x00000000e4f00000, 0x00000000e4f00000|100%|HC|  |TAMS 0x00000000e4f00000, 0x00000000e4e00000| Complete 
|  79|0x00000000e4f00000, 0x00000000e5000000, 0x00000000e5000000|100%|HC|  |TAMS 0x00000000e5000000, 0x00000000e4f00000| Complete 
|  80|0x00000000e5000000, 0x00000000e5100000, 0x00000000e5100000|100%|HS|  |TAMS 0x00000000e5100000, 0x00000000e5000000| Complete 
|  81|0x00000000e5100000, 0x00000000e5200000, 0x00000000e5200000|100%| O|  |TAMS 0x00000000e5200000, 0x00000000e5100000| Untracked 
|  82|0x00000000e5200000, 0x00000000e5300000, 0x00000000e5300000|100%| O|  |TAMS 0x00000000e5300000, 0x00000000e5200000| Untracked 
|  83|0x00000000e5300000, 0x00000000e5400000, 0x00000000e5400000|100%| O|  |TAMS 0x00000000e5400000, 0x00000000e5300000| Untracked 
|  84|0x00000000e5400000, 0x00000000e5500000, 0x00000000e5500000|100%| O|  |TAMS 0x00000000e5400000, 0x00000000e5400000| Untracked 
|  85|0x00000000e5500000, 0x00000000e5600000, 0x00000000e5600000|100%| O|  |TAMS 0x00000000e5600000, 0x00000000e5500000| Untracked 
|  86|0x00000000e5600000, 0x00000000e5700000, 0x00000000e5700000|100%| O|  |TAMS 0x00000000e5700000, 0x00000000e5600000| Untracked 
|  87|0x00000000e5700000, 0x00000000e5800000, 0x00000000e5800000|100%| O|  |TAMS 0x00000000e5800000, 0x00000000e5700000| Untracked 
|  88|0x00000000e5800000, 0x00000000e5900000, 0x00000000e5900000|100%| O|  |TAMS 0x00000000e5900000, 0x00000000e5800000| Untracked 
|  89|0x00000000e5900000, 0x00000000e5a00000, 0x00000000e5a00000|100%| O|  |TAMS 0x00000000e5a00000, 0x00000000e5900000| Untracked 
|  90|0x00000000e5a00000, 0x00000000e5a00000, 0x00000000e5b00000|  0%| F|  |TAMS 0x00000000e5a00000, 0x00000000e5a00000| Untracked 
|  91|0x00000000e5b00000, 0x00000000e5c00000, 0x00000000e5c00000|100%|HS|  |TAMS 0x00000000e5c00000, 0x00000000e5b00000| Complete 
|  92|0x00000000e5c00000, 0x00000000e5d00000, 0x00000000e5d00000|100%|HC|  |TAMS 0x00000000e5d00000, 0x00000000e5c00000| Complete 
|  93|0x00000000e5d00000, 0x00000000e5e00000, 0x00000000e5e00000|100%| O|  |TAMS 0x00000000e5e00000, 0x00000000e5d00000| Untracked 
|  94|0x00000000e5e00000, 0x00000000e5f00000, 0x00000000e5f00000|100%| O|  |TAMS 0x00000000e5f00000, 0x00000000e5e00000| Untracked 
|  95|0x00000000e5f00000, 0x00000000e6000000, 0x00000000e6000000|100%| O|  |TAMS 0x00000000e6000000, 0x00000000e5f00000| Untracked 
|  96|0x00000000e6000000, 0x00000000e6100000, 0x00000000e6100000|100%| O|  |TAMS 0x00000000e6100000, 0x00000000e6000000| Untracked 
|  97|0x00000000e6100000, 0x00000000e6200000, 0x00000000e6200000|100%| O|  |TAMS 0x00000000e6200000, 0x00000000e6100000| Untracked 
|  98|0x00000000e6200000, 0x00000000e6300000, 0x00000000e6300000|100%| O|  |TAMS 0x00000000e6300000, 0x00000000e6200000| Untracked 
|  99|0x00000000e6300000, 0x00000000e6400000, 0x00000000e6400000|100%| O|  |TAMS 0x00000000e6300000, 0x00000000e6300000| Untracked 
| 100|0x00000000e6400000, 0x00000000e6400000, 0x00000000e6500000|  0%| F|  |TAMS 0x00000000e6400000, 0x00000000e6400000| Untracked 
| 101|0x00000000e6500000, 0x00000000e6600000, 0x00000000e6600000|100%| O|  |TAMS 0x00000000e6500000, 0x00000000e6500000| Untracked 
| 102|0x00000000e6600000, 0x00000000e6700000, 0x00000000e6700000|100%| O|  |TAMS 0x00000000e6700000, 0x00000000e6600000| Untracked 
| 103|0x00000000e6700000, 0x00000000e6800000, 0x00000000e6800000|100%| O|  |TAMS 0x00000000e6800000, 0x00000000e6700000| Untracked 
| 104|0x00000000e6800000, 0x00000000e6900000, 0x00000000e6900000|100%| O|  |TAMS 0x00000000e6900000, 0x00000000e6800000| Untracked 
| 105|0x00000000e6900000, 0x00000000e6a00000, 0x00000000e6a00000|100%| O|  |TAMS 0x00000000e6a00000, 0x00000000e6900000| Untracked 
| 106|0x00000000e6a00000, 0x00000000e6b00000, 0x00000000e6b00000|100%| O|  |TAMS 0x00000000e6a00000, 0x00000000e6a00000| Untracked 
| 107|0x00000000e6b00000, 0x00000000e6b00000, 0x00000000e6c00000|  0%| F|  |TAMS 0x00000000e6b00000, 0x00000000e6b00000| Untracked 
| 108|0x00000000e6c00000, 0x00000000e6d00000, 0x00000000e6d00000|100%| O|  |TAMS 0x00000000e6d00000, 0x00000000e6c00000| Untracked 
| 109|0x00000000e6d00000, 0x00000000e6e00000, 0x00000000e6e00000|100%| O|  |TAMS 0x00000000e6e00000, 0x00000000e6d00000| Untracked 
| 110|0x00000000e6e00000, 0x00000000e6f00000, 0x00000000e6f00000|100%| O|  |TAMS 0x00000000e6f00000, 0x00000000e6e00000| Untracked 
| 111|0x00000000e6f00000, 0x00000000e7000000, 0x00000000e7000000|100%| O|  |TAMS 0x00000000e7000000, 0x00000000e6f00000| Untracked 
| 112|0x00000000e7000000, 0x00000000e7100000, 0x00000000e7100000|100%| O|  |TAMS 0x00000000e7100000, 0x00000000e7000000| Untracked 
| 113|0x00000000e7100000, 0x00000000e7200000, 0x00000000e7200000|100%| O|  |TAMS 0x00000000e7200000, 0x00000000e7100000| Untracked 
| 114|0x00000000e7200000, 0x00000000e7300000, 0x00000000e7300000|100%| O|  |TAMS 0x00000000e7300000, 0x00000000e7200000| Untracked 
| 115|0x00000000e7300000, 0x00000000e7400000, 0x00000000e7400000|100%| O|  |TAMS 0x00000000e7400000, 0x00000000e7300000| Untracked 
| 116|0x00000000e7400000, 0x00000000e7500000, 0x00000000e7500000|100%| O|  |TAMS 0x00000000e7500000, 0x00000000e7400000| Untracked 
| 117|0x00000000e7500000, 0x00000000e7600000, 0x00000000e7600000|100%| O|  |TAMS 0x00000000e7600000, 0x00000000e7500000| Untracked 
| 118|0x00000000e7600000, 0x00000000e7700000, 0x00000000e7700000|100%| O|  |TAMS 0x00000000e7700000, 0x00000000e7600000| Untracked 
| 119|0x00000000e7700000, 0x00000000e7800000, 0x00000000e7800000|100%| O|  |TAMS 0x00000000e7800000, 0x00000000e7700000| Untracked 
| 120|0x00000000e7800000, 0x00000000e7900000, 0x00000000e7900000|100%| O|  |TAMS 0x00000000e7800000, 0x00000000e7800000| Untracked 
| 121|0x00000000e7900000, 0x00000000e7a00000, 0x00000000e7a00000|100%| O|  |TAMS 0x00000000e7900000, 0x00000000e7900000| Untracked 
| 122|0x00000000e7a00000, 0x00000000e7b00000, 0x00000000e7b00000|100%| O|  |TAMS 0x00000000e7a00000, 0x00000000e7a00000| Untracked 
| 123|0x00000000e7b00000, 0x00000000e7c00000, 0x00000000e7c00000|100%| O|  |TAMS 0x00000000e7c00000, 0x00000000e7b00000| Untracked 
| 124|0x00000000e7c00000, 0x00000000e7d00000, 0x00000000e7d00000|100%| O|  |TAMS 0x00000000e7d00000, 0x00000000e7c00000| Untracked 
| 125|0x00000000e7d00000, 0x00000000e7e00000, 0x00000000e7e00000|100%| O|  |TAMS 0x00000000e7e00000, 0x00000000e7d00000| Untracked 
| 126|0x00000000e7e00000, 0x00000000e7f00000, 0x00000000e7f00000|100%| O|  |TAMS 0x00000000e7f00000, 0x00000000e7e00000| Untracked 
| 127|0x00000000e7f00000, 0x00000000e8000000, 0x00000000e8000000|100%| O|  |TAMS 0x00000000e8000000, 0x00000000e7f00000| Untracked 
| 128|0x00000000e8000000, 0x00000000e8100000, 0x00000000e8100000|100%|HS|  |TAMS 0x00000000e8100000, 0x00000000e8000000| Complete 
| 129|0x00000000e8100000, 0x00000000e8200000, 0x00000000e8200000|100%|HC|  |TAMS 0x00000000e8200000, 0x00000000e8100000| Complete 
| 130|0x00000000e8200000, 0x00000000e8300000, 0x00000000e8300000|100%|HC|  |TAMS 0x00000000e8300000, 0x00000000e8200000| Complete 
| 131|0x00000000e8300000, 0x00000000e8400000, 0x00000000e8400000|100%|HC|  |TAMS 0x00000000e8400000, 0x00000000e8300000| Complete 
| 132|0x00000000e8400000, 0x00000000e8500000, 0x00000000e8500000|100%|HC|  |TAMS 0x00000000e8500000, 0x00000000e8400000| Complete 
| 133|0x00000000e8500000, 0x00000000e8600000, 0x00000000e8600000|100%|HC|  |TAMS 0x00000000e8600000, 0x00000000e8500000| Complete 
| 134|0x00000000e8600000, 0x00000000e8700000, 0x00000000e8700000|100%| O|  |TAMS 0x00000000e8700000, 0x00000000e8600000| Untracked 
| 135|0x00000000e8700000, 0x00000000e8800000, 0x00000000e8800000|100%| O|  |TAMS 0x00000000e8800000, 0x00000000e8700000| Untracked 
| 136|0x00000000e8800000, 0x00000000e8900000, 0x00000000e8900000|100%| O|  |TAMS 0x00000000e8800000, 0x00000000e8800000| Untracked 
| 137|0x00000000e8900000, 0x00000000e8a00000, 0x00000000e8a00000|100%| O|  |TAMS 0x00000000e8900000, 0x00000000e8900000| Untracked 
| 138|0x00000000e8a00000, 0x00000000e8b00000, 0x00000000e8b00000|100%| O|  |TAMS 0x00000000e8b00000, 0x00000000e8a00000| Untracked 
| 139|0x00000000e8b00000, 0x00000000e8c00000, 0x00000000e8c00000|100%| O|  |TAMS 0x00000000e8c00000, 0x00000000e8b00000| Untracked 
| 140|0x00000000e8c00000, 0x00000000e8d00000, 0x00000000e8d00000|100%| O|  |TAMS 0x00000000e8c00000, 0x00000000e8c00000| Untracked 
| 141|0x00000000e8d00000, 0x00000000e8e00000, 0x00000000e8e00000|100%| O|  |TAMS 0x00000000e8e00000, 0x00000000e8d00000| Untracked 
| 142|0x00000000e8e00000, 0x00000000e8f00000, 0x00000000e8f00000|100%| O|  |TAMS 0x00000000e8f00000, 0x00000000e8e00000| Untracked 
| 143|0x00000000e8f00000, 0x00000000e9000000, 0x00000000e9000000|100%| O|  |TAMS 0x00000000e9000000, 0x00000000e8f00000| Untracked 
| 144|0x00000000e9000000, 0x00000000e9100000, 0x00000000e9100000|100%| O|  |TAMS 0x00000000e9100000, 0x00000000e9000000| Untracked 
| 145|0x00000000e9100000, 0x00000000e9200000, 0x00000000e9200000|100%| O|  |TAMS 0x00000000e9100000, 0x00000000e9100000| Untracked 
| 146|0x00000000e9200000, 0x00000000e9300000, 0x00000000e9300000|100%| O|  |TAMS 0x00000000e9300000, 0x00000000e9200000| Untracked 
| 147|0x00000000e9300000, 0x00000000e9400000, 0x00000000e9400000|100%| O|  |TAMS 0x00000000e93c6000, 0x00000000e9300000| Untracked 
| 148|0x00000000e9400000, 0x00000000e9500000, 0x00000000e9500000|100%| O|  |TAMS 0x00000000e9400000, 0x00000000e9400000| Untracked 
| 149|0x00000000e9500000, 0x00000000e9600000, 0x00000000e9600000|100%| O|  |TAMS 0x00000000e9500000, 0x00000000e9500000| Untracked 
| 150|0x00000000e9600000, 0x00000000e9700000, 0x00000000e9700000|100%| O|  |TAMS 0x00000000e9700000, 0x00000000e9600000| Untracked 
| 151|0x00000000e9700000, 0x00000000e9800000, 0x00000000e9800000|100%| O|  |TAMS 0x00000000e9700000, 0x00000000e9700000| Untracked 
| 152|0x00000000e9800000, 0x00000000e9900000, 0x00000000e9900000|100%| O|  |TAMS 0x00000000e9800000, 0x00000000e9800000| Untracked 
| 153|0x00000000e9900000, 0x00000000e9a00000, 0x00000000e9a00000|100%| O|  |TAMS 0x00000000e9a00000, 0x00000000e9900000| Untracked 
| 154|0x00000000e9a00000, 0x00000000e9b00000, 0x00000000e9b00000|100%| O|  |TAMS 0x00000000e9a00000, 0x00000000e9a00000| Untracked 
| 155|0x00000000e9b00000, 0x00000000e9c00000, 0x00000000e9c00000|100%|HS|  |TAMS 0x00000000e9c00000, 0x00000000e9b00000| Complete 
| 156|0x00000000e9c00000, 0x00000000e9d00000, 0x00000000e9d00000|100%|HC|  |TAMS 0x00000000e9d00000, 0x00000000e9c00000| Complete 
| 157|0x00000000e9d00000, 0x00000000e9e00000, 0x00000000e9e00000|100%|HC|  |TAMS 0x00000000e9e00000, 0x00000000e9d00000| Complete 
| 158|0x00000000e9e00000, 0x00000000e9f00000, 0x00000000e9f00000|100%| O|  |TAMS 0x00000000e9f00000, 0x00000000e9e00000| Untracked 
| 159|0x00000000e9f00000, 0x00000000ea000000, 0x00000000ea000000|100%| O|  |TAMS 0x00000000ea000000, 0x00000000e9f00000| Untracked 
| 160|0x00000000ea000000, 0x00000000ea100000, 0x00000000ea100000|100%| O|  |TAMS 0x00000000ea000000, 0x00000000ea000000| Untracked 
| 161|0x00000000ea100000, 0x00000000ea200000, 0x00000000ea200000|100%| O|  |TAMS 0x00000000ea200000, 0x00000000ea100000| Untracked 
| 162|0x00000000ea200000, 0x00000000ea300000, 0x00000000ea300000|100%| O|  |TAMS 0x00000000ea200000, 0x00000000ea200000| Untracked 
| 163|0x00000000ea300000, 0x00000000ea400000, 0x00000000ea400000|100%| O|  |TAMS 0x00000000ea400000, 0x00000000ea300000| Untracked 
| 164|0x00000000ea400000, 0x00000000ea500000, 0x00000000ea500000|100%| O|  |TAMS 0x00000000ea400000, 0x00000000ea400000| Untracked 
| 165|0x00000000ea500000, 0x00000000ea600000, 0x00000000ea600000|100%|HS|  |TAMS 0x00000000ea600000, 0x00000000ea500000| Complete 
| 166|0x00000000ea600000, 0x00000000ea700000, 0x00000000ea700000|100%|HC|  |TAMS 0x00000000ea700000, 0x00000000ea600000| Complete 
| 167|0x00000000ea700000, 0x00000000ea800000, 0x00000000ea800000|100%|HC|  |TAMS 0x00000000ea800000, 0x00000000ea700000| Complete 
| 168|0x00000000ea800000, 0x00000000ea900000, 0x00000000ea900000|100%|HC|  |TAMS 0x00000000ea900000, 0x00000000ea800000| Complete 
| 169|0x00000000ea900000, 0x00000000eaa00000, 0x00000000eaa00000|100%|HC|  |TAMS 0x00000000eaa00000, 0x00000000ea900000| Complete 
| 170|0x00000000eaa00000, 0x00000000eab00000, 0x00000000eab00000|100%|HC|  |TAMS 0x00000000eab00000, 0x00000000eaa00000| Complete 
| 171|0x00000000eab00000, 0x00000000eac00000, 0x00000000eac00000|100%| O|  |TAMS 0x00000000eac00000, 0x00000000eab00000| Untracked 
| 172|0x00000000eac00000, 0x00000000ead00000, 0x00000000ead00000|100%| O|  |TAMS 0x00000000ead00000, 0x00000000eac00000| Untracked 
| 173|0x00000000ead00000, 0x00000000eae00000, 0x00000000eae00000|100%| O|  |TAMS 0x00000000eae00000, 0x00000000ead00000| Untracked 
| 174|0x00000000eae00000, 0x00000000eaf00000, 0x00000000eaf00000|100%| O|  |TAMS 0x00000000eae00000, 0x00000000eae00000| Untracked 
| 175|0x00000000eaf00000, 0x00000000eb000000, 0x00000000eb000000|100%| O|  |TAMS 0x00000000eaf00000, 0x00000000eaf00000| Untracked 
| 176|0x00000000eb000000, 0x00000000eb100000, 0x00000000eb100000|100%| O|  |TAMS 0x00000000eb100000, 0x00000000eb000000| Untracked 
| 177|0x00000000eb100000, 0x00000000eb100000, 0x00000000eb200000|  0%| F|  |TAMS 0x00000000eb100000, 0x00000000eb100000| Untracked 
| 178|0x00000000eb200000, 0x00000000eb300000, 0x00000000eb300000|100%| O|  |TAMS 0x00000000eb300000, 0x00000000eb200000| Untracked 
| 179|0x00000000eb300000, 0x00000000eb400000, 0x00000000eb400000|100%| O|  |TAMS 0x00000000eb300000, 0x00000000eb300000| Untracked 
| 180|0x00000000eb400000, 0x00000000eb500000, 0x00000000eb500000|100%| O|  |TAMS 0x00000000eb400000, 0x00000000eb400000| Untracked 
| 181|0x00000000eb500000, 0x00000000eb530000, 0x00000000eb600000| 18%| O|  |TAMS 0x00000000eb500000, 0x00000000eb500000| Untracked 
| 182|0x00000000eb600000, 0x00000000eb600000, 0x00000000eb700000|  0%| F|  |TAMS 0x00000000eb600000, 0x00000000eb600000| Untracked 
| 183|0x00000000eb700000, 0x00000000eb700000, 0x00000000eb800000|  0%| F|  |TAMS 0x00000000eb700000, 0x00000000eb700000| Untracked 
| 184|0x00000000eb800000, 0x00000000eb800000, 0x00000000eb900000|  0%| F|  |TAMS 0x00000000eb800000, 0x00000000eb800000| Untracked 
| 185|0x00000000eb900000, 0x00000000eb900000, 0x00000000eba00000|  0%| F|  |TAMS 0x00000000eb900000, 0x00000000eb900000| Untracked 
| 186|0x00000000eba00000, 0x00000000eba00000, 0x00000000ebb00000|  0%| F|  |TAMS 0x00000000eba00000, 0x00000000eba00000| Untracked 
| 187|0x00000000ebb00000, 0x00000000ebb00000, 0x00000000ebc00000|  0%| F|  |TAMS 0x00000000ebb00000, 0x00000000ebb00000| Untracked 
| 188|0x00000000ebc00000, 0x00000000ebc00000, 0x00000000ebd00000|  0%| F|  |TAMS 0x00000000ebc00000, 0x00000000ebc00000| Untracked 
| 189|0x00000000ebd00000, 0x00000000ebd00000, 0x00000000ebe00000|  0%| F|  |TAMS 0x00000000ebd00000, 0x00000000ebd00000| Untracked 
| 190|0x00000000ebe00000, 0x00000000ebe00000, 0x00000000ebf00000|  0%| F|  |TAMS 0x00000000ebe00000, 0x00000000ebe00000| Untracked 
| 191|0x00000000ebf00000, 0x00000000ebf00000, 0x00000000ec000000|  0%| F|  |TAMS 0x00000000ebf00000, 0x00000000ebf00000| Untracked 
| 192|0x00000000ec000000, 0x00000000ec000000, 0x00000000ec100000|  0%| F|  |TAMS 0x00000000ec000000, 0x00000000ec000000| Untracked 
| 193|0x00000000ec100000, 0x00000000ec100000, 0x00000000ec200000|  0%| F|  |TAMS 0x00000000ec100000, 0x00000000ec100000| Untracked 
| 194|0x00000000ec200000, 0x00000000ec200000, 0x00000000ec300000|  0%| F|  |TAMS 0x00000000ec200000, 0x00000000ec200000| Untracked 
| 195|0x00000000ec300000, 0x00000000ec400000, 0x00000000ec400000|100%| O|  |TAMS 0x00000000ec400000, 0x00000000ec300000| Untracked 
| 196|0x00000000ec400000, 0x00000000ec500000, 0x00000000ec500000|100%|HS|  |TAMS 0x00000000ec500000, 0x00000000ec400000| Complete 
| 197|0x00000000ec500000, 0x00000000ec600000, 0x00000000ec600000|100%|HC|  |TAMS 0x00000000ec600000, 0x00000000ec500000| Complete 
| 198|0x00000000ec600000, 0x00000000ec700000, 0x00000000ec700000|100%|HC|  |TAMS 0x00000000ec700000, 0x00000000ec600000| Complete 
| 199|0x00000000ec700000, 0x00000000ec800000, 0x00000000ec800000|100%|HC|  |TAMS 0x00000000ec800000, 0x00000000ec700000| Complete 
| 200|0x00000000ec800000, 0x00000000ec900000, 0x00000000ec900000|100%|HC|  |TAMS 0x00000000ec900000, 0x00000000ec800000| Complete 
| 201|0x00000000ec900000, 0x00000000eca00000, 0x00000000eca00000|100%|HC|  |TAMS 0x00000000eca00000, 0x00000000ec900000| Complete 
| 202|0x00000000eca00000, 0x00000000eca00000, 0x00000000ecb00000|  0%| F|  |TAMS 0x00000000eca00000, 0x00000000eca00000| Untracked 
| 203|0x00000000ecb00000, 0x00000000ecb00000, 0x00000000ecc00000|  0%| F|  |TAMS 0x00000000ecb00000, 0x00000000ecb00000| Untracked 
| 204|0x00000000ecc00000, 0x00000000ecc00000, 0x00000000ecd00000|  0%| F|  |TAMS 0x00000000ecc00000, 0x00000000ecc00000| Untracked 
| 205|0x00000000ecd00000, 0x00000000ecd00000, 0x00000000ece00000|  0%| F|  |TAMS 0x00000000ecd00000, 0x00000000ecd00000| Untracked 
| 206|0x00000000ece00000, 0x00000000ece00000, 0x00000000ecf00000|  0%| F|  |TAMS 0x00000000ece00000, 0x00000000ece00000| Untracked 
| 207|0x00000000ecf00000, 0x00000000ecf00000, 0x00000000ed000000|  0%| F|  |TAMS 0x00000000ecf00000, 0x00000000ecf00000| Untracked 
| 208|0x00000000ed000000, 0x00000000ed000000, 0x00000000ed100000|  0%| F|  |TAMS 0x00000000ed000000, 0x00000000ed000000| Untracked 
| 209|0x00000000ed100000, 0x00000000ed100000, 0x00000000ed200000|  0%| F|  |TAMS 0x00000000ed100000, 0x00000000ed100000| Untracked 
| 210|0x00000000ed200000, 0x00000000ed200000, 0x00000000ed300000|  0%| F|  |TAMS 0x00000000ed200000, 0x00000000ed200000| Untracked 
| 211|0x00000000ed300000, 0x00000000ed300000, 0x00000000ed400000|  0%| F|  |TAMS 0x00000000ed300000, 0x00000000ed300000| Untracked 
| 212|0x00000000ed400000, 0x00000000ed400000, 0x00000000ed500000|  0%| F|  |TAMS 0x00000000ed400000, 0x00000000ed400000| Untracked 
| 213|0x00000000ed500000, 0x00000000ed600000, 0x00000000ed600000|100%| O|  |TAMS 0x00000000ed600000, 0x00000000ed500000| Untracked 
| 214|0x00000000ed600000, 0x00000000ed600000, 0x00000000ed700000|  0%| F|  |TAMS 0x00000000ed600000, 0x00000000ed600000| Untracked 
| 215|0x00000000ed700000, 0x00000000ed700000, 0x00000000ed800000|  0%| F|  |TAMS 0x00000000ed700000, 0x00000000ed700000| Untracked 
| 216|0x00000000ed800000, 0x00000000ed800000, 0x00000000ed900000|  0%| F|  |TAMS 0x00000000ed800000, 0x00000000ed800000| Untracked 
| 217|0x00000000ed900000, 0x00000000ed900000, 0x00000000eda00000|  0%| F|  |TAMS 0x00000000ed900000, 0x00000000ed900000| Untracked 
| 218|0x00000000eda00000, 0x00000000eda00000, 0x00000000edb00000|  0%| F|  |TAMS 0x00000000eda00000, 0x00000000eda00000| Untracked 
| 219|0x00000000edb00000, 0x00000000edb00000, 0x00000000edc00000|  0%| F|  |TAMS 0x00000000edb00000, 0x00000000edb00000| Untracked 
| 220|0x00000000edc00000, 0x00000000edc00000, 0x00000000edd00000|  0%| F|  |TAMS 0x00000000edc00000, 0x00000000edc00000| Untracked 
| 221|0x00000000edd00000, 0x00000000edd00000, 0x00000000ede00000|  0%| F|  |TAMS 0x00000000edd00000, 0x00000000edd00000| Untracked 
| 222|0x00000000ede00000, 0x00000000ede00000, 0x00000000edf00000|  0%| F|  |TAMS 0x00000000ede00000, 0x00000000ede00000| Untracked 
| 223|0x00000000edf00000, 0x00000000edf00000, 0x00000000ee000000|  0%| F|  |TAMS 0x00000000edf00000, 0x00000000edf00000| Untracked 
| 224|0x00000000ee000000, 0x00000000ee000000, 0x00000000ee100000|  0%| F|  |TAMS 0x00000000ee000000, 0x00000000ee000000| Untracked 
| 225|0x00000000ee100000, 0x00000000ee100000, 0x00000000ee200000|  0%| F|  |TAMS 0x00000000ee100000, 0x00000000ee100000| Untracked 
| 226|0x00000000ee200000, 0x00000000ee200000, 0x00000000ee300000|  0%| F|  |TAMS 0x00000000ee200000, 0x00000000ee200000| Untracked 
| 227|0x00000000ee300000, 0x00000000ee300000, 0x00000000ee400000|  0%| F|  |TAMS 0x00000000ee300000, 0x00000000ee300000| Untracked 
| 228|0x00000000ee400000, 0x00000000ee400000, 0x00000000ee500000|  0%| F|  |TAMS 0x00000000ee400000, 0x00000000ee400000| Untracked 
| 229|0x00000000ee500000, 0x00000000ee500000, 0x00000000ee600000|  0%| F|  |TAMS 0x00000000ee500000, 0x00000000ee500000| Untracked 
| 230|0x00000000ee600000, 0x00000000ee600000, 0x00000000ee700000|  0%| F|  |TAMS 0x00000000ee600000, 0x00000000ee600000| Untracked 
| 231|0x00000000ee700000, 0x00000000ee700000, 0x00000000ee800000|  0%| F|  |TAMS 0x00000000ee700000, 0x00000000ee700000| Untracked 
| 232|0x00000000ee800000, 0x00000000ee800000, 0x00000000ee900000|  0%| F|  |TAMS 0x00000000ee800000, 0x00000000ee800000| Untracked 
| 233|0x00000000ee900000, 0x00000000ee900000, 0x00000000eea00000|  0%| F|  |TAMS 0x00000000ee900000, 0x00000000ee900000| Untracked 
| 234|0x00000000eea00000, 0x00000000eea00000, 0x00000000eeb00000|  0%| F|  |TAMS 0x00000000eea00000, 0x00000000eea00000| Untracked 
| 235|0x00000000eeb00000, 0x00000000eeb00000, 0x00000000eec00000|  0%| F|  |TAMS 0x00000000eeb00000, 0x00000000eeb00000| Untracked 
| 236|0x00000000eec00000, 0x00000000eec00000, 0x00000000eed00000|  0%| F|  |TAMS 0x00000000eec00000, 0x00000000eec00000| Untracked 
| 237|0x00000000eed00000, 0x00000000eed00000, 0x00000000eee00000|  0%| F|  |TAMS 0x00000000eed00000, 0x00000000eed00000| Untracked 
| 238|0x00000000eee00000, 0x00000000eee00000, 0x00000000eef00000|  0%| F|  |TAMS 0x00000000eee00000, 0x00000000eee00000| Untracked 
| 239|0x00000000eef00000, 0x00000000eef00000, 0x00000000ef000000|  0%| F|  |TAMS 0x00000000eef00000, 0x00000000eef00000| Untracked 
| 240|0x00000000ef000000, 0x00000000ef000000, 0x00000000ef100000|  0%| F|  |TAMS 0x00000000ef000000, 0x00000000ef000000| Untracked 
| 241|0x00000000ef100000, 0x00000000ef100000, 0x00000000ef200000|  0%| F|  |TAMS 0x00000000ef100000, 0x00000000ef100000| Untracked 
| 242|0x00000000ef200000, 0x00000000ef200000, 0x00000000ef300000|  0%| F|  |TAMS 0x00000000ef200000, 0x00000000ef200000| Untracked 
| 243|0x00000000ef300000, 0x00000000ef300000, 0x00000000ef400000|  0%| F|  |TAMS 0x00000000ef300000, 0x00000000ef300000| Untracked 
| 244|0x00000000ef400000, 0x00000000ef400000, 0x00000000ef500000|  0%| F|  |TAMS 0x00000000ef400000, 0x00000000ef400000| Untracked 
| 245|0x00000000ef500000, 0x00000000ef500000, 0x00000000ef600000|  0%| F|  |TAMS 0x00000000ef500000, 0x00000000ef500000| Untracked 
| 246|0x00000000ef600000, 0x00000000ef600000, 0x00000000ef700000|  0%| F|  |TAMS 0x00000000ef600000, 0x00000000ef600000| Untracked 
| 247|0x00000000ef700000, 0x00000000ef700000, 0x00000000ef800000|  0%| F|  |TAMS 0x00000000ef700000, 0x00000000ef700000| Untracked 
| 248|0x00000000ef800000, 0x00000000ef800000, 0x00000000ef900000|  0%| F|  |TAMS 0x00000000ef800000, 0x00000000ef800000| Untracked 
| 249|0x00000000ef900000, 0x00000000ef900000, 0x00000000efa00000|  0%| F|  |TAMS 0x00000000ef900000, 0x00000000ef900000| Untracked 
| 250|0x00000000efa00000, 0x00000000efa00000, 0x00000000efb00000|  0%| F|  |TAMS 0x00000000efa00000, 0x00000000efa00000| Untracked 
| 251|0x00000000efb00000, 0x00000000efb00000, 0x00000000efc00000|  0%| F|  |TAMS 0x00000000efb00000, 0x00000000efb00000| Untracked 
| 252|0x00000000efc00000, 0x00000000efc00000, 0x00000000efd00000|  0%| F|  |TAMS 0x00000000efc00000, 0x00000000efc00000| Untracked 
| 253|0x00000000efd00000, 0x00000000efd00000, 0x00000000efe00000|  0%| F|  |TAMS 0x00000000efd00000, 0x00000000efd00000| Untracked 
| 254|0x00000000efe00000, 0x00000000efe00000, 0x00000000eff00000|  0%| F|  |TAMS 0x00000000efe00000, 0x00000000efe00000| Untracked 
| 255|0x00000000eff00000, 0x00000000eff00000, 0x00000000f0000000|  0%| F|  |TAMS 0x00000000eff00000, 0x00000000eff00000| Untracked 
| 256|0x00000000f0000000, 0x00000000f0000000, 0x00000000f0100000|  0%| F|  |TAMS 0x00000000f0000000, 0x00000000f0000000| Untracked 
| 257|0x00000000f0100000, 0x00000000f0100000, 0x00000000f0200000|  0%| F|  |TAMS 0x00000000f0100000, 0x00000000f0100000| Untracked 
| 258|0x00000000f0200000, 0x00000000f0200000, 0x00000000f0300000|  0%| F|  |TAMS 0x00000000f0200000, 0x00000000f0200000| Untracked 
| 259|0x00000000f0300000, 0x00000000f0300000, 0x00000000f0400000|  0%| F|  |TAMS 0x00000000f0300000, 0x00000000f0300000| Untracked 
| 260|0x00000000f0400000, 0x00000000f0400000, 0x00000000f0500000|  0%| F|  |TAMS 0x00000000f0400000, 0x00000000f0400000| Untracked 
| 261|0x00000000f0500000, 0x00000000f0500000, 0x00000000f0600000|  0%| F|  |TAMS 0x00000000f0500000, 0x00000000f0500000| Untracked 
| 262|0x00000000f0600000, 0x00000000f0600000, 0x00000000f0700000|  0%| F|  |TAMS 0x00000000f0600000, 0x00000000f0600000| Untracked 
| 263|0x00000000f0700000, 0x00000000f0700000, 0x00000000f0800000|  0%| F|  |TAMS 0x00000000f0700000, 0x00000000f0700000| Untracked 
| 264|0x00000000f0800000, 0x00000000f0800000, 0x00000000f0900000|  0%| F|  |TAMS 0x00000000f0800000, 0x00000000f0800000| Untracked 
| 265|0x00000000f0900000, 0x00000000f0900000, 0x00000000f0a00000|  0%| F|  |TAMS 0x00000000f0900000, 0x00000000f0900000| Untracked 
| 266|0x00000000f0a00000, 0x00000000f0a00000, 0x00000000f0b00000|  0%| F|  |TAMS 0x00000000f0a00000, 0x00000000f0a00000| Untracked 
| 267|0x00000000f0b00000, 0x00000000f0b00000, 0x00000000f0c00000|  0%| F|  |TAMS 0x00000000f0b00000, 0x00000000f0b00000| Untracked 
| 268|0x00000000f0c00000, 0x00000000f0c00000, 0x00000000f0d00000|  0%| F|  |TAMS 0x00000000f0c00000, 0x00000000f0c00000| Untracked 
| 269|0x00000000f0d00000, 0x00000000f0d00000, 0x00000000f0e00000|  0%| F|  |TAMS 0x00000000f0d00000, 0x00000000f0d00000| Untracked 
| 270|0x00000000f0e00000, 0x00000000f0e00000, 0x00000000f0f00000|  0%| F|  |TAMS 0x00000000f0e00000, 0x00000000f0e00000| Untracked 
| 271|0x00000000f0f00000, 0x00000000f0f00000, 0x00000000f1000000|  0%| F|  |TAMS 0x00000000f0f00000, 0x00000000f0f00000| Untracked 
| 272|0x00000000f1000000, 0x00000000f1000000, 0x00000000f1100000|  0%| F|  |TAMS 0x00000000f1000000, 0x00000000f1000000| Untracked 
| 273|0x00000000f1100000, 0x00000000f1100000, 0x00000000f1200000|  0%| F|  |TAMS 0x00000000f1100000, 0x00000000f1100000| Untracked 
| 274|0x00000000f1200000, 0x00000000f1200000, 0x00000000f1300000|  0%| F|  |TAMS 0x00000000f1200000, 0x00000000f1200000| Untracked 
| 275|0x00000000f1300000, 0x00000000f1300000, 0x00000000f1400000|  0%| F|  |TAMS 0x00000000f1300000, 0x00000000f1300000| Untracked 
| 276|0x00000000f1400000, 0x00000000f1400000, 0x00000000f1500000|  0%| F|  |TAMS 0x00000000f1400000, 0x00000000f1400000| Untracked 
| 277|0x00000000f1500000, 0x00000000f1500000, 0x00000000f1600000|  0%| F|  |TAMS 0x00000000f1500000, 0x00000000f1500000| Untracked 
| 278|0x00000000f1600000, 0x00000000f1600000, 0x00000000f1700000|  0%| F|  |TAMS 0x00000000f1600000, 0x00000000f1600000| Untracked 
| 279|0x00000000f1700000, 0x00000000f1700000, 0x00000000f1800000|  0%| F|  |TAMS 0x00000000f1700000, 0x00000000f1700000| Untracked 
| 280|0x00000000f1800000, 0x00000000f1800000, 0x00000000f1900000|  0%| F|  |TAMS 0x00000000f1800000, 0x00000000f1800000| Untracked 
| 281|0x00000000f1900000, 0x00000000f1900000, 0x00000000f1a00000|  0%| F|  |TAMS 0x00000000f1900000, 0x00000000f1900000| Untracked 
| 282|0x00000000f1a00000, 0x00000000f1a00000, 0x00000000f1b00000|  0%| F|  |TAMS 0x00000000f1a00000, 0x00000000f1a00000| Untracked 
| 283|0x00000000f1b00000, 0x00000000f1b00000, 0x00000000f1c00000|  0%| F|  |TAMS 0x00000000f1b00000, 0x00000000f1b00000| Untracked 
| 284|0x00000000f1c00000, 0x00000000f1c00000, 0x00000000f1d00000|  0%| F|  |TAMS 0x00000000f1c00000, 0x00000000f1c00000| Untracked 
| 285|0x00000000f1d00000, 0x00000000f1d00000, 0x00000000f1e00000|  0%| F|  |TAMS 0x00000000f1d00000, 0x00000000f1d00000| Untracked 
| 286|0x00000000f1e00000, 0x00000000f1e00000, 0x00000000f1f00000|  0%| F|  |TAMS 0x00000000f1e00000, 0x00000000f1e00000| Untracked 
| 287|0x00000000f1f00000, 0x00000000f1f00000, 0x00000000f2000000|  0%| F|  |TAMS 0x00000000f1f00000, 0x00000000f1f00000| Untracked 
| 288|0x00000000f2000000, 0x00000000f2000000, 0x00000000f2100000|  0%| F|  |TAMS 0x00000000f2000000, 0x00000000f2000000| Untracked 
| 289|0x00000000f2100000, 0x00000000f2100000, 0x00000000f2200000|  0%| F|  |TAMS 0x00000000f2100000, 0x00000000f2100000| Untracked 
| 290|0x00000000f2200000, 0x00000000f2200000, 0x00000000f2300000|  0%| F|  |TAMS 0x00000000f2200000, 0x00000000f2200000| Untracked 
| 291|0x00000000f2300000, 0x00000000f2300000, 0x00000000f2400000|  0%| F|  |TAMS 0x00000000f2300000, 0x00000000f2300000| Untracked 
| 292|0x00000000f2400000, 0x00000000f2400000, 0x00000000f2500000|  0%| F|  |TAMS 0x00000000f2400000, 0x00000000f2400000| Untracked 
| 293|0x00000000f2500000, 0x00000000f2500000, 0x00000000f2600000|  0%| F|  |TAMS 0x00000000f2500000, 0x00000000f2500000| Untracked 
| 294|0x00000000f2600000, 0x00000000f2600000, 0x00000000f2700000|  0%| F|  |TAMS 0x00000000f2600000, 0x00000000f2600000| Untracked 
| 295|0x00000000f2700000, 0x00000000f2700000, 0x00000000f2800000|  0%| F|  |TAMS 0x00000000f2700000, 0x00000000f2700000| Untracked 
| 296|0x00000000f2800000, 0x00000000f2800000, 0x00000000f2900000|  0%| F|  |TAMS 0x00000000f2800000, 0x00000000f2800000| Untracked 
| 297|0x00000000f2900000, 0x00000000f2900000, 0x00000000f2a00000|  0%| F|  |TAMS 0x00000000f2900000, 0x00000000f2900000| Untracked 
| 298|0x00000000f2a00000, 0x00000000f2a00000, 0x00000000f2b00000|  0%| F|  |TAMS 0x00000000f2a00000, 0x00000000f2a00000| Untracked 
| 299|0x00000000f2b00000, 0x00000000f2b00000, 0x00000000f2c00000|  0%| F|  |TAMS 0x00000000f2b00000, 0x00000000f2b00000| Untracked 
| 300|0x00000000f2c00000, 0x00000000f2c00000, 0x00000000f2d00000|  0%| F|  |TAMS 0x00000000f2c00000, 0x00000000f2c00000| Untracked 
| 301|0x00000000f2d00000, 0x00000000f2d00000, 0x00000000f2e00000|  0%| F|  |TAMS 0x00000000f2d00000, 0x00000000f2d00000| Untracked 
| 302|0x00000000f2e00000, 0x00000000f2e00000, 0x00000000f2f00000|  0%| F|  |TAMS 0x00000000f2e00000, 0x00000000f2e00000| Untracked 
| 303|0x00000000f2f00000, 0x00000000f2f00000, 0x00000000f3000000|  0%| F|  |TAMS 0x00000000f2f00000, 0x00000000f2f00000| Untracked 
| 304|0x00000000f3000000, 0x00000000f3000000, 0x00000000f3100000|  0%| F|  |TAMS 0x00000000f3000000, 0x00000000f3000000| Untracked 
| 305|0x00000000f3100000, 0x00000000f3100000, 0x00000000f3200000|  0%| F|  |TAMS 0x00000000f3100000, 0x00000000f3100000| Untracked 
| 306|0x00000000f3200000, 0x00000000f3200000, 0x00000000f3300000|  0%| F|  |TAMS 0x00000000f3200000, 0x00000000f3200000| Untracked 
| 307|0x00000000f3300000, 0x00000000f3300000, 0x00000000f3400000|  0%| F|  |TAMS 0x00000000f3300000, 0x00000000f3300000| Untracked 
| 308|0x00000000f3400000, 0x00000000f3400000, 0x00000000f3500000|  0%| F|  |TAMS 0x00000000f3400000, 0x00000000f3400000| Untracked 
| 309|0x00000000f3500000, 0x00000000f3500000, 0x00000000f3600000|  0%| F|  |TAMS 0x00000000f3500000, 0x00000000f3500000| Untracked 
| 310|0x00000000f3600000, 0x00000000f3600000, 0x00000000f3700000|  0%| F|  |TAMS 0x00000000f3600000, 0x00000000f3600000| Untracked 
| 311|0x00000000f3700000, 0x00000000f3700000, 0x00000000f3800000|  0%| F|  |TAMS 0x00000000f3700000, 0x00000000f3700000| Untracked 
| 312|0x00000000f3800000, 0x00000000f3800000, 0x00000000f3900000|  0%| F|  |TAMS 0x00000000f3800000, 0x00000000f3800000| Untracked 
| 313|0x00000000f3900000, 0x00000000f3900000, 0x00000000f3a00000|  0%| F|  |TAMS 0x00000000f3900000, 0x00000000f3900000| Untracked 
| 314|0x00000000f3a00000, 0x00000000f3a00000, 0x00000000f3b00000|  0%| F|  |TAMS 0x00000000f3a00000, 0x00000000f3a00000| Untracked 
| 315|0x00000000f3b00000, 0x00000000f3b00000, 0x00000000f3c00000|  0%| F|  |TAMS 0x00000000f3b00000, 0x00000000f3b00000| Untracked 
| 316|0x00000000f3c00000, 0x00000000f3c00000, 0x00000000f3d00000|  0%| F|  |TAMS 0x00000000f3c00000, 0x00000000f3c00000| Untracked 
| 317|0x00000000f3d00000, 0x00000000f3d00000, 0x00000000f3e00000|  0%| F|  |TAMS 0x00000000f3d00000, 0x00000000f3d00000| Untracked 
| 318|0x00000000f3e00000, 0x00000000f3e00000, 0x00000000f3f00000|  0%| F|  |TAMS 0x00000000f3e00000, 0x00000000f3e00000| Untracked 
| 319|0x00000000f3f00000, 0x00000000f3f00000, 0x00000000f4000000|  0%| F|  |TAMS 0x00000000f3f00000, 0x00000000f3f00000| Untracked 
| 320|0x00000000f4000000, 0x00000000f4000000, 0x00000000f4100000|  0%| F|  |TAMS 0x00000000f4000000, 0x00000000f4000000| Untracked 
| 321|0x00000000f4100000, 0x00000000f4100000, 0x00000000f4200000|  0%| F|  |TAMS 0x00000000f4100000, 0x00000000f4100000| Untracked 
| 322|0x00000000f4200000, 0x00000000f4200000, 0x00000000f4300000|  0%| F|  |TAMS 0x00000000f4200000, 0x00000000f4200000| Untracked 
| 323|0x00000000f4300000, 0x00000000f4300000, 0x00000000f4400000|  0%| F|  |TAMS 0x00000000f4300000, 0x00000000f4300000| Untracked 
| 324|0x00000000f4400000, 0x00000000f4400000, 0x00000000f4500000|  0%| F|  |TAMS 0x00000000f4400000, 0x00000000f4400000| Untracked 
| 325|0x00000000f4500000, 0x00000000f4500000, 0x00000000f4600000|  0%| F|  |TAMS 0x00000000f4500000, 0x00000000f4500000| Untracked 
| 326|0x00000000f4600000, 0x00000000f4600000, 0x00000000f4700000|  0%| F|  |TAMS 0x00000000f4600000, 0x00000000f4600000| Untracked 
| 327|0x00000000f4700000, 0x00000000f4700000, 0x00000000f4800000|  0%| F|  |TAMS 0x00000000f4700000, 0x00000000f4700000| Untracked 
| 328|0x00000000f4800000, 0x00000000f4800000, 0x00000000f4900000|  0%| F|  |TAMS 0x00000000f4800000, 0x00000000f4800000| Untracked 
| 329|0x00000000f4900000, 0x00000000f4900000, 0x00000000f4a00000|  0%| F|  |TAMS 0x00000000f4900000, 0x00000000f4900000| Untracked 
| 330|0x00000000f4a00000, 0x00000000f4a00000, 0x00000000f4b00000|  0%| F|  |TAMS 0x00000000f4a00000, 0x00000000f4a00000| Untracked 
| 331|0x00000000f4b00000, 0x00000000f4b00000, 0x00000000f4c00000|  0%| F|  |TAMS 0x00000000f4b00000, 0x00000000f4b00000| Untracked 
| 332|0x00000000f4c00000, 0x00000000f4c00000, 0x00000000f4d00000|  0%| F|  |TAMS 0x00000000f4c00000, 0x00000000f4c00000| Untracked 
| 333|0x00000000f4d00000, 0x00000000f4d00000, 0x00000000f4e00000|  0%| F|  |TAMS 0x00000000f4d00000, 0x00000000f4d00000| Untracked 
| 334|0x00000000f4e00000, 0x00000000f4e00000, 0x00000000f4f00000|  0%| F|  |TAMS 0x00000000f4e00000, 0x00000000f4e00000| Untracked 
| 335|0x00000000f4f00000, 0x00000000f4f00000, 0x00000000f5000000|  0%| F|  |TAMS 0x00000000f4f00000, 0x00000000f4f00000| Untracked 
| 336|0x00000000f5000000, 0x00000000f5000000, 0x00000000f5100000|  0%| F|  |TAMS 0x00000000f5000000, 0x00000000f5000000| Untracked 
| 337|0x00000000f5100000, 0x00000000f5100000, 0x00000000f5200000|  0%| F|  |TAMS 0x00000000f5100000, 0x00000000f5100000| Untracked 
| 338|0x00000000f5200000, 0x00000000f5200000, 0x00000000f5300000|  0%| F|  |TAMS 0x00000000f5200000, 0x00000000f5200000| Untracked 
| 339|0x00000000f5300000, 0x00000000f5300000, 0x00000000f5400000|  0%| F|  |TAMS 0x00000000f5300000, 0x00000000f5300000| Untracked 
| 340|0x00000000f5400000, 0x00000000f5400000, 0x00000000f5500000|  0%| F|  |TAMS 0x00000000f5400000, 0x00000000f5400000| Untracked 
| 341|0x00000000f5500000, 0x00000000f5500000, 0x00000000f5600000|  0%| F|  |TAMS 0x00000000f5500000, 0x00000000f5500000| Untracked 
| 342|0x00000000f5600000, 0x00000000f5600000, 0x00000000f5700000|  0%| F|  |TAMS 0x00000000f5600000, 0x00000000f5600000| Untracked 
| 343|0x00000000f5700000, 0x00000000f5700000, 0x00000000f5800000|  0%| F|  |TAMS 0x00000000f5700000, 0x00000000f5700000| Untracked 
| 344|0x00000000f5800000, 0x00000000f5800000, 0x00000000f5900000|  0%| F|  |TAMS 0x00000000f5800000, 0x00000000f5800000| Untracked 
| 345|0x00000000f5900000, 0x00000000f5900000, 0x00000000f5a00000|  0%| F|  |TAMS 0x00000000f5900000, 0x00000000f5900000| Untracked 
| 346|0x00000000f5a00000, 0x00000000f5af0658, 0x00000000f5b00000| 93%| E|  |TAMS 0x00000000f5a00000, 0x00000000f5a00000| Complete 
| 347|0x00000000f5b00000, 0x00000000f5c00000, 0x00000000f5c00000|100%| E|CS|TAMS 0x00000000f5b00000, 0x00000000f5b00000| Complete 
| 348|0x00000000f5c00000, 0x00000000f5d00000, 0x00000000f5d00000|100%| E|CS|TAMS 0x00000000f5c00000, 0x00000000f5c00000| Complete 
| 349|0x00000000f5d00000, 0x00000000f5e00000, 0x00000000f5e00000|100%| E|CS|TAMS 0x00000000f5d00000, 0x00000000f5d00000| Complete 
| 350|0x00000000f5e00000, 0x00000000f5f00000, 0x00000000f5f00000|100%| E|CS|TAMS 0x00000000f5e00000, 0x00000000f5e00000| Complete 
| 351|0x00000000f5f00000, 0x00000000f6000000, 0x00000000f6000000|100%| E|CS|TAMS 0x00000000f5f00000, 0x00000000f5f00000| Complete 
| 352|0x00000000f6000000, 0x00000000f6100000, 0x00000000f6100000|100%| E|CS|TAMS 0x00000000f6000000, 0x00000000f6000000| Complete 
| 353|0x00000000f6100000, 0x00000000f6200000, 0x00000000f6200000|100%| E|CS|TAMS 0x00000000f6100000, 0x00000000f6100000| Complete 
| 354|0x00000000f6200000, 0x00000000f6300000, 0x00000000f6300000|100%| E|CS|TAMS 0x00000000f6200000, 0x00000000f6200000| Complete 
| 355|0x00000000f6300000, 0x00000000f6400000, 0x00000000f6400000|100%| E|CS|TAMS 0x00000000f6300000, 0x00000000f6300000| Complete 
| 356|0x00000000f6400000, 0x00000000f6500000, 0x00000000f6500000|100%| E|CS|TAMS 0x00000000f6400000, 0x00000000f6400000| Complete 
| 357|0x00000000f6500000, 0x00000000f6600000, 0x00000000f6600000|100%| E|CS|TAMS 0x00000000f6500000, 0x00000000f6500000| Complete 
| 358|0x00000000f6600000, 0x00000000f6700000, 0x00000000f6700000|100%| E|CS|TAMS 0x00000000f6600000, 0x00000000f6600000| Complete 
| 359|0x00000000f6700000, 0x00000000f6800000, 0x00000000f6800000|100%| E|CS|TAMS 0x00000000f6700000, 0x00000000f6700000| Complete 
| 360|0x00000000f6800000, 0x00000000f6900000, 0x00000000f6900000|100%| E|CS|TAMS 0x00000000f6800000, 0x00000000f6800000| Complete 
| 361|0x00000000f6900000, 0x00000000f6a00000, 0x00000000f6a00000|100%| E|CS|TAMS 0x00000000f6900000, 0x00000000f6900000| Complete 
| 362|0x00000000f6a00000, 0x00000000f6b00000, 0x00000000f6b00000|100%| E|CS|TAMS 0x00000000f6a00000, 0x00000000f6a00000| Complete 
| 363|0x00000000f6b00000, 0x00000000f6c00000, 0x00000000f6c00000|100%| E|CS|TAMS 0x00000000f6b00000, 0x00000000f6b00000| Complete 
| 364|0x00000000f6c00000, 0x00000000f6d00000, 0x00000000f6d00000|100%| E|CS|TAMS 0x00000000f6c00000, 0x00000000f6c00000| Complete 
| 365|0x00000000f6d00000, 0x00000000f6e00000, 0x00000000f6e00000|100%| E|CS|TAMS 0x00000000f6d00000, 0x00000000f6d00000| Complete 
| 366|0x00000000f6e00000, 0x00000000f6f00000, 0x00000000f6f00000|100%| E|CS|TAMS 0x00000000f6e00000, 0x00000000f6e00000| Complete 
| 367|0x00000000f6f00000, 0x00000000f7000000, 0x00000000f7000000|100%| E|CS|TAMS 0x00000000f6f00000, 0x00000000f6f00000| Complete 
| 368|0x00000000f7000000, 0x00000000f7100000, 0x00000000f7100000|100%| E|CS|TAMS 0x00000000f7000000, 0x00000000f7000000| Complete 
| 369|0x00000000f7100000, 0x00000000f7200000, 0x00000000f7200000|100%| E|CS|TAMS 0x00000000f7100000, 0x00000000f7100000| Complete 
| 370|0x00000000f7200000, 0x00000000f7300000, 0x00000000f7300000|100%| E|CS|TAMS 0x00000000f7200000, 0x00000000f7200000| Complete 
| 371|0x00000000f7300000, 0x00000000f7400000, 0x00000000f7400000|100%| E|CS|TAMS 0x00000000f7300000, 0x00000000f7300000| Complete 
| 372|0x00000000f7400000, 0x00000000f7500000, 0x00000000f7500000|100%| E|CS|TAMS 0x00000000f7400000, 0x00000000f7400000| Complete 
| 373|0x00000000f7500000, 0x00000000f7600000, 0x00000000f7600000|100%| E|CS|TAMS 0x00000000f7500000, 0x00000000f7500000| Complete 
| 374|0x00000000f7600000, 0x00000000f7700000, 0x00000000f7700000|100%| E|CS|TAMS 0x00000000f7600000, 0x00000000f7600000| Complete 
| 375|0x00000000f7700000, 0x00000000f7800000, 0x00000000f7800000|100%| E|CS|TAMS 0x00000000f7700000, 0x00000000f7700000| Complete 
| 376|0x00000000f7800000, 0x00000000f7900000, 0x00000000f7900000|100%| E|CS|TAMS 0x00000000f7800000, 0x00000000f7800000| Complete 
| 377|0x00000000f7900000, 0x00000000f7a00000, 0x00000000f7a00000|100%| E|CS|TAMS 0x00000000f7900000, 0x00000000f7900000| Complete 
| 378|0x00000000f7a00000, 0x00000000f7b00000, 0x00000000f7b00000|100%| E|CS|TAMS 0x00000000f7a00000, 0x00000000f7a00000| Complete 
| 379|0x00000000f7b00000, 0x00000000f7c00000, 0x00000000f7c00000|100%| E|CS|TAMS 0x00000000f7b00000, 0x00000000f7b00000| Complete 
| 380|0x00000000f7c00000, 0x00000000f7d00000, 0x00000000f7d00000|100%| E|CS|TAMS 0x00000000f7c00000, 0x00000000f7c00000| Complete 
| 381|0x00000000f7d00000, 0x00000000f7e00000, 0x00000000f7e00000|100%| E|CS|TAMS 0x00000000f7d00000, 0x00000000f7d00000| Complete 
| 382|0x00000000f7e00000, 0x00000000f7f00000, 0x00000000f7f00000|100%| E|CS|TAMS 0x00000000f7e00000, 0x00000000f7e00000| Complete 
| 383|0x00000000f7f00000, 0x00000000f8000000, 0x00000000f8000000|100%| E|CS|TAMS 0x00000000f7f00000, 0x00000000f7f00000| Complete 
| 384|0x00000000f8000000, 0x00000000f8100000, 0x00000000f8100000|100%| E|CS|TAMS 0x00000000f8000000, 0x00000000f8000000| Complete 
| 385|0x00000000f8100000, 0x00000000f8200000, 0x00000000f8200000|100%| E|CS|TAMS 0x00000000f8100000, 0x00000000f8100000| Complete 
| 386|0x00000000f8200000, 0x00000000f8300000, 0x00000000f8300000|100%| E|CS|TAMS 0x00000000f8200000, 0x00000000f8200000| Complete 
| 387|0x00000000f8300000, 0x00000000f8400000, 0x00000000f8400000|100%| E|CS|TAMS 0x00000000f8300000, 0x00000000f8300000| Complete 
| 388|0x00000000f8400000, 0x00000000f8500000, 0x00000000f8500000|100%| E|CS|TAMS 0x00000000f8400000, 0x00000000f8400000| Complete 
| 389|0x00000000f8500000, 0x00000000f8600000, 0x00000000f8600000|100%| E|CS|TAMS 0x00000000f8500000, 0x00000000f8500000| Complete 
| 390|0x00000000f8600000, 0x00000000f8700000, 0x00000000f8700000|100%| E|CS|TAMS 0x00000000f8600000, 0x00000000f8600000| Complete 
| 391|0x00000000f8700000, 0x00000000f8800000, 0x00000000f8800000|100%| E|CS|TAMS 0x00000000f8700000, 0x00000000f8700000| Complete 
| 392|0x00000000f8800000, 0x00000000f8900000, 0x00000000f8900000|100%| E|CS|TAMS 0x00000000f8800000, 0x00000000f8800000| Complete 
| 393|0x00000000f8900000, 0x00000000f8a00000, 0x00000000f8a00000|100%| E|CS|TAMS 0x00000000f8900000, 0x00000000f8900000| Complete 
| 394|0x00000000f8a00000, 0x00000000f8b00000, 0x00000000f8b00000|100%| E|CS|TAMS 0x00000000f8a00000, 0x00000000f8a00000| Complete 
| 395|0x00000000f8b00000, 0x00000000f8c00000, 0x00000000f8c00000|100%| E|CS|TAMS 0x00000000f8b00000, 0x00000000f8b00000| Complete 
| 396|0x00000000f8c00000, 0x00000000f8d00000, 0x00000000f8d00000|100%| E|CS|TAMS 0x00000000f8c00000, 0x00000000f8c00000| Complete 
| 397|0x00000000f8d00000, 0x00000000f8e00000, 0x00000000f8e00000|100%| E|CS|TAMS 0x00000000f8d00000, 0x00000000f8d00000| Complete 
| 398|0x00000000f8e00000, 0x00000000f8f00000, 0x00000000f8f00000|100%| E|CS|TAMS 0x00000000f8e00000, 0x00000000f8e00000| Complete 
| 399|0x00000000f8f00000, 0x00000000f9000000, 0x00000000f9000000|100%| E|CS|TAMS 0x00000000f8f00000, 0x00000000f8f00000| Complete 
| 400|0x00000000f9000000, 0x00000000f9100000, 0x00000000f9100000|100%| E|CS|TAMS 0x00000000f9000000, 0x00000000f9000000| Complete 
| 401|0x00000000f9100000, 0x00000000f9200000, 0x00000000f9200000|100%| E|CS|TAMS 0x00000000f9100000, 0x00000000f9100000| Complete 
| 402|0x00000000f9200000, 0x00000000f9300000, 0x00000000f9300000|100%| E|CS|TAMS 0x00000000f9200000, 0x00000000f9200000| Complete 
| 403|0x00000000f9300000, 0x00000000f9400000, 0x00000000f9400000|100%| E|CS|TAMS 0x00000000f9300000, 0x00000000f9300000| Complete 
| 404|0x00000000f9400000, 0x00000000f9500000, 0x00000000f9500000|100%| E|CS|TAMS 0x00000000f9400000, 0x00000000f9400000| Complete 
| 405|0x00000000f9500000, 0x00000000f9600000, 0x00000000f9600000|100%| E|CS|TAMS 0x00000000f9500000, 0x00000000f9500000| Complete 
| 406|0x00000000f9600000, 0x00000000f9700000, 0x00000000f9700000|100%| E|CS|TAMS 0x00000000f9600000, 0x00000000f9600000| Complete 
| 407|0x00000000f9700000, 0x00000000f9800000, 0x00000000f9800000|100%| E|CS|TAMS 0x00000000f9700000, 0x00000000f9700000| Complete 
| 408|0x00000000f9800000, 0x00000000f9900000, 0x00000000f9900000|100%| E|CS|TAMS 0x00000000f9800000, 0x00000000f9800000| Complete 
| 409|0x00000000f9900000, 0x00000000f9a00000, 0x00000000f9a00000|100%| E|CS|TAMS 0x00000000f9900000, 0x00000000f9900000| Complete 
| 410|0x00000000f9a00000, 0x00000000f9b00000, 0x00000000f9b00000|100%| E|CS|TAMS 0x00000000f9a00000, 0x00000000f9a00000| Complete 
| 411|0x00000000f9b00000, 0x00000000f9c00000, 0x00000000f9c00000|100%| E|CS|TAMS 0x00000000f9b00000, 0x00000000f9b00000| Complete 
| 412|0x00000000f9c00000, 0x00000000f9d00000, 0x00000000f9d00000|100%| E|CS|TAMS 0x00000000f9c00000, 0x00000000f9c00000| Complete 
| 413|0x00000000f9d00000, 0x00000000f9e00000, 0x00000000f9e00000|100%| E|CS|TAMS 0x00000000f9d00000, 0x00000000f9d00000| Complete 
| 414|0x00000000f9e00000, 0x00000000f9f00000, 0x00000000f9f00000|100%| E|CS|TAMS 0x00000000f9e00000, 0x00000000f9e00000| Complete 
| 415|0x00000000f9f00000, 0x00000000fa000000, 0x00000000fa000000|100%| E|CS|TAMS 0x00000000f9f00000, 0x00000000f9f00000| Complete 
| 416|0x00000000fa000000, 0x00000000fa100000, 0x00000000fa100000|100%| E|CS|TAMS 0x00000000fa000000, 0x00000000fa000000| Complete 
| 417|0x00000000fa100000, 0x00000000fa200000, 0x00000000fa200000|100%| E|CS|TAMS 0x00000000fa100000, 0x00000000fa100000| Complete 
| 418|0x00000000fa200000, 0x00000000fa300000, 0x00000000fa300000|100%| E|CS|TAMS 0x00000000fa200000, 0x00000000fa200000| Complete 
| 419|0x00000000fa300000, 0x00000000fa400000, 0x00000000fa400000|100%| E|CS|TAMS 0x00000000fa300000, 0x00000000fa300000| Complete 
| 420|0x00000000fa400000, 0x00000000fa500000, 0x00000000fa500000|100%| E|CS|TAMS 0x00000000fa400000, 0x00000000fa400000| Complete 
| 421|0x00000000fa500000, 0x00000000fa600000, 0x00000000fa600000|100%| E|CS|TAMS 0x00000000fa500000, 0x00000000fa500000| Complete 
| 422|0x00000000fa600000, 0x00000000fa700000, 0x00000000fa700000|100%| E|CS|TAMS 0x00000000fa600000, 0x00000000fa600000| Complete 
| 423|0x00000000fa700000, 0x00000000fa800000, 0x00000000fa800000|100%| E|CS|TAMS 0x00000000fa700000, 0x00000000fa700000| Complete 
| 424|0x00000000fa800000, 0x00000000fa900000, 0x00000000fa900000|100%| E|CS|TAMS 0x00000000fa800000, 0x00000000fa800000| Complete 
| 425|0x00000000fa900000, 0x00000000faa00000, 0x00000000faa00000|100%| E|CS|TAMS 0x00000000fa900000, 0x00000000fa900000| Complete 
| 426|0x00000000faa00000, 0x00000000fab00000, 0x00000000fab00000|100%| E|CS|TAMS 0x00000000faa00000, 0x00000000faa00000| Complete 
| 427|0x00000000fab00000, 0x00000000fac00000, 0x00000000fac00000|100%| E|CS|TAMS 0x00000000fab00000, 0x00000000fab00000| Complete 
| 428|0x00000000fac00000, 0x00000000fad00000, 0x00000000fad00000|100%| E|CS|TAMS 0x00000000fac00000, 0x00000000fac00000| Complete 
| 429|0x00000000fad00000, 0x00000000fae00000, 0x00000000fae00000|100%| E|CS|TAMS 0x00000000fad00000, 0x00000000fad00000| Complete 
| 430|0x00000000fae00000, 0x00000000faf00000, 0x00000000faf00000|100%| E|CS|TAMS 0x00000000fae00000, 0x00000000fae00000| Complete 
| 431|0x00000000faf00000, 0x00000000fb000000, 0x00000000fb000000|100%| E|CS|TAMS 0x00000000faf00000, 0x00000000faf00000| Complete 
| 432|0x00000000fb000000, 0x00000000fb100000, 0x00000000fb100000|100%| E|CS|TAMS 0x00000000fb000000, 0x00000000fb000000| Complete 
| 433|0x00000000fb100000, 0x00000000fb200000, 0x00000000fb200000|100%| E|CS|TAMS 0x00000000fb100000, 0x00000000fb100000| Complete 
| 434|0x00000000fb200000, 0x00000000fb300000, 0x00000000fb300000|100%| E|CS|TAMS 0x00000000fb200000, 0x00000000fb200000| Complete 
| 435|0x00000000fb300000, 0x00000000fb400000, 0x00000000fb400000|100%| E|CS|TAMS 0x00000000fb300000, 0x00000000fb300000| Complete 
| 436|0x00000000fb400000, 0x00000000fb500000, 0x00000000fb500000|100%| E|CS|TAMS 0x00000000fb400000, 0x00000000fb400000| Complete 
| 437|0x00000000fb500000, 0x00000000fb600000, 0x00000000fb600000|100%| E|CS|TAMS 0x00000000fb500000, 0x00000000fb500000| Complete 
| 438|0x00000000fb600000, 0x00000000fb700000, 0x00000000fb700000|100%| E|CS|TAMS 0x00000000fb600000, 0x00000000fb600000| Complete 
| 439|0x00000000fb700000, 0x00000000fb800000, 0x00000000fb800000|100%| E|CS|TAMS 0x00000000fb700000, 0x00000000fb700000| Complete 
| 440|0x00000000fb800000, 0x00000000fb900000, 0x00000000fb900000|100%| E|CS|TAMS 0x00000000fb800000, 0x00000000fb800000| Complete 
| 441|0x00000000fb900000, 0x00000000fba00000, 0x00000000fba00000|100%| E|CS|TAMS 0x00000000fb900000, 0x00000000fb900000| Complete 
| 442|0x00000000fba00000, 0x00000000fbb00000, 0x00000000fbb00000|100%| E|CS|TAMS 0x00000000fba00000, 0x00000000fba00000| Complete 
| 443|0x00000000fbb00000, 0x00000000fbc00000, 0x00000000fbc00000|100%| E|CS|TAMS 0x00000000fbb00000, 0x00000000fbb00000| Complete 
| 444|0x00000000fbc00000, 0x00000000fbd00000, 0x00000000fbd00000|100%| E|CS|TAMS 0x00000000fbc00000, 0x00000000fbc00000| Complete 
| 445|0x00000000fbd00000, 0x00000000fbe00000, 0x00000000fbe00000|100%| E|CS|TAMS 0x00000000fbd00000, 0x00000000fbd00000| Complete 
| 446|0x00000000fbe00000, 0x00000000fbf00000, 0x00000000fbf00000|100%| E|CS|TAMS 0x00000000fbe00000, 0x00000000fbe00000| Complete 
| 447|0x00000000fbf00000, 0x00000000fc000000, 0x00000000fc000000|100%| E|CS|TAMS 0x00000000fbf00000, 0x00000000fbf00000| Complete 
| 448|0x00000000fc000000, 0x00000000fc100000, 0x00000000fc100000|100%| E|CS|TAMS 0x00000000fc000000, 0x00000000fc000000| Complete 
| 449|0x00000000fc100000, 0x00000000fc1401f0, 0x00000000fc200000| 25%| S|CS|TAMS 0x00000000fc100000, 0x00000000fc100000| Complete 
| 450|0x00000000fc200000, 0x00000000fc300000, 0x00000000fc300000|100%| S|CS|TAMS 0x00000000fc200000, 0x00000000fc200000| Complete 
| 451|0x00000000fc300000, 0x00000000fc400000, 0x00000000fc400000|100%| S|CS|TAMS 0x00000000fc300000, 0x00000000fc300000| Complete 
| 452|0x00000000fc400000, 0x00000000fc500000, 0x00000000fc500000|100%| E|CS|TAMS 0x00000000fc400000, 0x00000000fc400000| Complete 
| 453|0x00000000fc500000, 0x00000000fc600000, 0x00000000fc600000|100%| E|CS|TAMS 0x00000000fc500000, 0x00000000fc500000| Complete 
| 454|0x00000000fc600000, 0x00000000fc700000, 0x00000000fc700000|100%| E|CS|TAMS 0x00000000fc600000, 0x00000000fc600000| Complete 
| 455|0x00000000fc700000, 0x00000000fc800000, 0x00000000fc800000|100%| E|CS|TAMS 0x00000000fc700000, 0x00000000fc700000| Complete 
| 456|0x00000000fc800000, 0x00000000fc900000, 0x00000000fc900000|100%| E|CS|TAMS 0x00000000fc800000, 0x00000000fc800000| Complete 
| 457|0x00000000fc900000, 0x00000000fca00000, 0x00000000fca00000|100%| E|CS|TAMS 0x00000000fc900000, 0x00000000fc900000| Complete 
| 458|0x00000000fca00000, 0x00000000fcb00000, 0x00000000fcb00000|100%| E|CS|TAMS 0x00000000fca00000, 0x00000000fca00000| Complete 
| 459|0x00000000fcb00000, 0x00000000fcc00000, 0x00000000fcc00000|100%| E|CS|TAMS 0x00000000fcb00000, 0x00000000fcb00000| Complete 
| 460|0x00000000fcc00000, 0x00000000fcd00000, 0x00000000fcd00000|100%| E|CS|TAMS 0x00000000fcc00000, 0x00000000fcc00000| Complete 
| 461|0x00000000fcd00000, 0x00000000fce00000, 0x00000000fce00000|100%| E|CS|TAMS 0x00000000fcd00000, 0x00000000fcd00000| Complete 
| 470|0x00000000fd600000, 0x00000000fd700000, 0x00000000fd700000|100%| E|CS|TAMS 0x00000000fd600000, 0x00000000fd600000| Complete 
| 471|0x00000000fd700000, 0x00000000fd800000, 0x00000000fd800000|100%| E|CS|TAMS 0x00000000fd700000, 0x00000000fd700000| Complete 

Card table byte_map: [0x000002728fee0000,0x000002728ffe0000] _byte_map_base: 0x000002728f7e0000

Marking Bits (Prev, Next): (CMBitMap*) 0x00000272f7f8bd70, (CMBitMap*) 0x00000272f7f8bd30
 Prev Bits: [0x00000272908e0000, 0x00000272910e0000)
 Next Bits: [0x00000272900e0000, 0x00000272908e0000)

Polling page: 0x00000272f8020000

Metaspace:

Usage:
  Non-class:     82.36 MB used.
      Class:     12.35 MB used.
       Both:     94.71 MB used.

Virtual space:
  Non-class space:      128.00 MB reserved,      82.81 MB ( 65%) committed,  2 nodes.
      Class space:      320.00 MB reserved,      12.75 MB (  4%) committed,  1 nodes.
             Both:      448.00 MB reserved,      95.56 MB ( 21%) committed. 

Chunk freelists:
   Non-Class:  12.61 MB
       Class:  3.28 MB
        Both:  15.89 MB

MaxMetaspaceSize: 384.00 MB
CompressedClassSpaceSize: 320.00 MB
Initial GC threshold: 21.00 MB
Current GC threshold: 158.56 MB
CDS: on
MetaspaceReclaimPolicy: balanced
 - commit_granule_bytes: 65536.
 - commit_granule_words: 8192.
 - virtual_space_node_default_size: 8388608.
 - enlarge_chunks_in_place: 1.
 - new_chunks_are_fully_committed: 0.
 - uncommit_free_chunks: 1.
 - use_allocation_guard: 0.
 - handle_deallocations: 1.


Internal statistics:

num_allocs_failed_limit: 9.
num_arena_births: 2394.
num_arena_deaths: 1250.
num_vsnodes_births: 3.
num_vsnodes_deaths: 0.
num_space_committed: 1611.
num_space_uncommitted: 82.
num_chunks_returned_to_freelist: 2082.
num_chunks_taken_from_freelist: 7887.
num_chunk_merges: 675.
num_chunk_splits: 4407.
num_chunks_enlarged: 2516.
num_inconsistent_stats: 0.

CodeHeap 'non-profiled nmethods': size=119168Kb used=29816Kb max_used=30130Kb free=89351Kb
 bounds [0x0000027287ba0000, 0x0000027289910000, 0x000002728f000000]
CodeHeap 'profiled nmethods': size=119104Kb used=38983Kb max_used=39749Kb free=80120Kb
 bounds [0x0000027280000000, 0x0000027282700000, 0x0000027287450000]
CodeHeap 'non-nmethods': size=7488Kb used=2973Kb max_used=4268Kb free=4514Kb
 bounds [0x0000027287450000, 0x0000027287890000, 0x0000027287ba0000]
 total_blobs=22966 nmethods=22022 adapters=853
 compilation: enabled
              stopped_count=0, restarted_count=0
 full_count=0

Compilation events (20 events):
Event: 12195.386 Thread 0x0000027294654050 30856       3       org.gradle.internal.impldep.gnu.trove.TObjectCanonicalHashingStrategy::equals (22 bytes)
Event: 12195.386 Thread 0x0000027294647420 nmethod 30855 0x0000027289019610 code [0x0000027289019780, 0x00000272890197f8]
Event: 12195.386 Thread 0x0000027294654050 nmethod 30856 0x00000272813d6c90 code [0x00000272813d6e40, 0x00000272813d70c8]
Event: 12195.386 Thread 0x0000027294654050 30857       3       org.jetbrains.plugins.gradle.model.DefaultExternalLibraryDependency::equals (49 bytes)
Event: 12195.386 Thread 0x00000272afaba4c0 30858       3       org.jetbrains.plugins.gradle.model.AbstractExternalDependency::equals (80 bytes)
Event: 12195.386 Thread 0x0000027294654050 nmethod 30857 0x00000272810a1d90 code [0x00000272810a1f80, 0x00000272810a25d8]
Event: 12195.386 Thread 0x0000027294654050 30859       3       org.jetbrains.plugins.gradle.DefaultExternalDependencyId::equals (97 bytes)
Event: 12195.386 Thread 0x00000272afaba4c0 nmethod 30858 0x0000027281cb6290 code [0x0000027281cb64a0, 0x0000027281cb6ca8]
Event: 12195.386 Thread 0x0000027294654050 nmethod 30859 0x00000272807dbd90 code [0x00000272807dc000, 0x00000272807dcc68]
Event: 12195.386 Thread 0x0000027294647420 30860       4       com.amazon.ion.impl.bin.IonRawBinaryWriter::isInStruct (35 bytes)
Event: 12195.386 Thread 0x0000027294654050 30861       3       org.jetbrains.plugins.gradle.tooling.serialization.ToolingStreamApiUtilsKt::step (38 bytes)
Event: 12195.386 Thread 0x0000027294647420 nmethod 30860 0x0000027289019210 code [0x00000272890193a0, 0x0000027289019458]
Event: 12195.387 Thread 0x0000027294654050 nmethod 30861 0x0000027281700990 code [0x0000027281700cc0, 0x0000027281701e08]
Event: 12195.387 Thread 0x0000027294654050 30862       1       com.intellij.gradle.toolingExtension.impl.model.sourceSetDependencyModel.GradleSourceSetDependencySerialisationService$SourceSetDependencyModelWriteContext::getDependencyContext (5 bytes)
Event: 12195.387 Thread 0x00000272afaba4c0 30863       1       com.intellij.gradle.toolingExtension.impl.model.dependencyModel.DependencyWriteContext::getDependencies (5 bytes)
Event: 12195.387 Thread 0x00000272afaba4c0 nmethod 30863 0x0000027287f46f90 code [0x0000027287f47120, 0x0000027287f471f8]
Event: 12195.387 Thread 0x0000027294654050 nmethod 30862 0x0000027287f46c90 code [0x0000027287f46e20, 0x0000027287f46ef8]
Event: 12195.387 Thread 0x00000272afaba4c0 30864       3       org.jetbrains.plugins.gradle.tooling.serialization.ToolingStreamApiUtils::writeInt (32 bytes)
Event: 12195.387 Thread 0x0000027294654050 30865       3       com.amazon.ion.impl.bin.IonManagedBinaryWriter::writeInt (18 bytes)
Event: 12195.387 Thread 0x0000027294654050 nmethod 30865 0x00000272814cea90 code [0x00000272814cec40, 0x00000272814cee78]

GC Heap History (20 events):
Event: 11803.058 GC heap before
{Heap before GC invocations=121 (full 0):
 garbage-first heap   total 475136K, used 155184K [0x00000000e0000000, 0x0000000100000000)
  region size 1024K, 23 young (23552K), 22 survivors (22528K)
 Metaspace       used 84662K, committed 85632K, reserved 458752K
  class space    used 10926K, committed 11392K, reserved 327680K
}
Event: 11803.069 GC heap after
{Heap after GC invocations=122 (full 0):
 garbage-first heap   total 475136K, used 142200K [0x00000000e0000000, 0x0000000100000000)
  region size 1024K, 3 young (3072K), 3 survivors (3072K)
 Metaspace       used 84662K, committed 85632K, reserved 458752K
  class space    used 10926K, committed 11392K, reserved 327680K
}
Event: 11803.863 GC heap before
{Heap before GC invocations=122 (full 0):
 garbage-first heap   total 475136K, used 381816K [0x00000000e0000000, 0x0000000100000000)
  region size 1024K, 237 young (242688K), 3 survivors (3072K)
 Metaspace       used 84662K, committed 85632K, reserved 458752K
  class space    used 10926K, committed 11392K, reserved 327680K
}
Event: 11803.869 GC heap after
{Heap after GC invocations=123 (full 0):
 garbage-first heap   total 475136K, used 156043K [0x00000000e0000000, 0x0000000100000000)
  region size 1024K, 16 young (16384K), 16 survivors (16384K)
 Metaspace       used 84662K, committed 85632K, reserved 458752K
  class space    used 10926K, committed 11392K, reserved 327680K
}
Event: 12178.934 GC heap before
{Heap before GC invocations=124 (full 0):
 garbage-first heap   total 475136K, used 401803K [0x00000000e0000000, 0x0000000100000000)
  region size 1024K, 237 young (242688K), 16 survivors (16384K)
 Metaspace       used 88553K, committed 89472K, reserved 458752K
  class space    used 11573K, committed 12032K, reserved 327680K
}
Event: 12178.945 GC heap after
{Heap after GC invocations=125 (full 0):
 garbage-first heap   total 475136K, used 189205K [0x00000000e0000000, 0x0000000100000000)
  region size 1024K, 13 young (13312K), 13 survivors (13312K)
 Metaspace       used 88553K, committed 89472K, reserved 458752K
  class space    used 11573K, committed 12032K, reserved 327680K
}
Event: 12178.977 GC heap before
{Heap before GC invocations=125 (full 0):
 garbage-first heap   total 475136K, used 199445K [0x00000000e0000000, 0x0000000100000000)
  region size 1024K, 23 young (23552K), 13 survivors (13312K)
 Metaspace       used 88560K, committed 89472K, reserved 458752K
  class space    used 11573K, committed 12032K, reserved 327680K
}
Event: 12178.990 GC heap after
{Heap after GC invocations=126 (full 0):
 garbage-first heap   total 475136K, used 171749K [0x00000000e0000000, 0x0000000100000000)
  region size 1024K, 2 young (2048K), 2 survivors (2048K)
 Metaspace       used 88560K, committed 89472K, reserved 458752K
  class space    used 11573K, committed 12032K, reserved 327680K
}
Event: 12180.281 GC heap before
{Heap before GC invocations=126 (full 0):
 garbage-first heap   total 475136K, used 263909K [0x00000000e0000000, 0x0000000100000000)
  region size 1024K, 93 young (95232K), 2 survivors (2048K)
 Metaspace       used 91192K, committed 92096K, reserved 458752K
  class space    used 11904K, committed 12352K, reserved 327680K
}
Event: 12180.288 GC heap after
{Heap after GC invocations=127 (full 0):
 garbage-first heap   total 475136K, used 174783K [0x00000000e0000000, 0x0000000100000000)
  region size 1024K, 5 young (5120K), 5 survivors (5120K)
 Metaspace       used 91192K, committed 92096K, reserved 458752K
  class space    used 11904K, committed 12352K, reserved 327680K
}
Event: 12182.149 GC heap before
{Heap before GC invocations=128 (full 0):
 garbage-first heap   total 475136K, used 393919K [0x00000000e0000000, 0x0000000100000000)
  region size 1024K, 215 young (220160K), 5 survivors (5120K)
 Metaspace       used 96201K, committed 97152K, reserved 458752K
  class space    used 12565K, committed 12992K, reserved 327680K
}
Event: 12182.159 GC heap after
{Heap after GC invocations=129 (full 0):
 garbage-first heap   total 475136K, used 190785K [0x00000000e0000000, 0x0000000100000000)
  region size 1024K, 16 young (16384K), 16 survivors (16384K)
 Metaspace       used 96201K, committed 97152K, reserved 458752K
  class space    used 12565K, committed 12992K, reserved 327680K
}
Event: 12182.235 GC heap before
{Heap before GC invocations=129 (full 0):
 garbage-first heap   total 475136K, used 197953K [0x00000000e0000000, 0x0000000100000000)
  region size 1024K, 23 young (23552K), 16 survivors (16384K)
 Metaspace       used 96435K, committed 97344K, reserved 458752K
  class space    used 12597K, committed 12992K, reserved 327680K
}
Event: 12182.248 GC heap after
{Heap after GC invocations=130 (full 0):
 garbage-first heap   total 475136K, used 160126K [0x00000000e0000000, 0x0000000100000000)
  region size 1024K, 3 young (3072K), 3 survivors (3072K)
 Metaspace       used 96435K, committed 97344K, reserved 458752K
  class space    used 12597K, committed 12992K, reserved 327680K
}
Event: 12185.090 GC heap before
{Heap before GC invocations=130 (full 0):
 garbage-first heap   total 475136K, used 386430K [0x00000000e0000000, 0x0000000100000000)
  region size 1024K, 224 young (229376K), 3 survivors (3072K)
 Metaspace       used 96472K, committed 97408K, reserved 458752K
  class space    used 12603K, committed 12992K, reserved 327680K
}
Event: 12185.100 GC heap after
{Heap after GC invocations=131 (full 0):
 garbage-first heap   total 475136K, used 179739K [0x00000000e0000000, 0x0000000100000000)
  region size 1024K, 22 young (22528K), 22 survivors (22528K)
 Metaspace       used 96472K, committed 97408K, reserved 458752K
  class space    used 12603K, committed 12992K, reserved 327680K
}
Event: 12187.420 GC heap before
{Heap before GC invocations=132 (full 0):
 garbage-first heap   total 475136K, used 383515K [0x00000000e0000000, 0x0000000100000000)
  region size 1024K, 221 young (226304K), 22 survivors (22528K)
 Metaspace       used 96420K, committed 97408K, reserved 458752K
  class space    used 12591K, committed 12992K, reserved 327680K
}
Event: 12187.431 GC heap after
{Heap after GC invocations=133 (full 0):
 garbage-first heap   total 475136K, used 190712K [0x00000000e0000000, 0x0000000100000000)
  region size 1024K, 11 young (11264K), 11 survivors (11264K)
 Metaspace       used 96420K, committed 97408K, reserved 458752K
  class space    used 12591K, committed 12992K, reserved 327680K
}
Event: 12187.590 GC heap before
{Heap before GC invocations=133 (full 0):
 garbage-first heap   total 475136K, used 203000K [0x00000000e0000000, 0x0000000100000000)
  region size 1024K, 23 young (23552K), 11 survivors (11264K)
 Metaspace       used 96420K, committed 97408K, reserved 458752K
  class space    used 12591K, committed 12992K, reserved 327680K
}
Event: 12187.599 GC heap after
{Heap after GC invocations=134 (full 0):
 garbage-first heap   total 475136K, used 188864K [0x00000000e0000000, 0x0000000100000000)
  region size 1024K, 3 young (3072K), 3 survivors (3072K)
 Metaspace       used 96420K, committed 97408K, reserved 458752K
  class space    used 12591K, committed 12992K, reserved 327680K
}

Deoptimization events (20 events):
Event: 12187.731 Thread 0x00000272b346c6c0 DEOPT PACKING pc=0x00000272896f6370 sp=0x0000007c23ef9340
Event: 12187.731 Thread 0x00000272b346c6c0 DEOPT UNPACKING pc=0x00000272874a23a3 sp=0x0000007c23ef9270 mode 2
Event: 12187.911 Thread 0x00000272b346c6c0 Uncommon trap: trap_request=0xffffff45 fr.pc=0x00000272892fa95c relative=0x000000000000679c
Event: 12187.911 Thread 0x00000272b346c6c0 Uncommon trap: reason=unstable_if action=reinterpret pc=0x00000272892fa95c method=org.gradle.api.internal.artifacts.dsl.DefaultComponentMetadataHandler$ComponentMetadataDetailsMatchingSpec.isSatisfiedBy(Lorg/gradle/api/artifacts/ComponentMetadataDetails;)
Event: 12187.911 Thread 0x00000272b346c6c0 DEOPT PACKING pc=0x00000272892fa95c sp=0x0000007c23ef7eb0
Event: 12187.911 Thread 0x00000272b346c6c0 DEOPT UNPACKING pc=0x00000272874a23a3 sp=0x0000007c23ef7bd8 mode 2
Event: 12187.916 Thread 0x00000272b346c6c0 Uncommon trap: trap_request=0xffffffde fr.pc=0x000002728867ae30 relative=0x0000000000000c10
Event: 12187.916 Thread 0x00000272b346c6c0 Uncommon trap: reason=class_check action=maybe_recompile pc=0x000002728867ae30 method=org.gradle.internal.component.external.model.DefaultModuleComponentSelector.newSelector(Lorg/gradle/api/artifacts/ModuleIdentifier;Lorg/gradle/api/artifacts/VersionConst
Event: 12187.916 Thread 0x00000272b346c6c0 DEOPT PACKING pc=0x000002728867ae30 sp=0x0000007c23ef7830
Event: 12187.916 Thread 0x00000272b346c6c0 DEOPT UNPACKING pc=0x00000272874a23a3 sp=0x0000007c23ef7810 mode 2
Event: 12188.029 Thread 0x00000272b0361d50 Uncommon trap: trap_request=0xffffff45 fr.pc=0x00000272887f2b4c relative=0x000000000000012c
Event: 12188.029 Thread 0x00000272b0361d50 Uncommon trap: reason=unstable_if action=reinterpret pc=0x00000272887f2b4c method=org.gradle.internal.time.DefaultCountdownTimer.hasExpired()Z @ 6 c2
Event: 12188.029 Thread 0x00000272b0361d50 DEOPT PACKING pc=0x00000272887f2b4c sp=0x0000007c256ff0f0
Event: 12188.029 Thread 0x00000272b0361d50 DEOPT UNPACKING pc=0x00000272874a23a3 sp=0x0000007c256ff0c0 mode 2
Event: 12194.330 Thread 0x00000272b346c6c0 DEOPT PACKING pc=0x00000272813368bc sp=0x0000007c23ef8610
Event: 12194.330 Thread 0x00000272b346c6c0 DEOPT UNPACKING pc=0x00000272874a2b43 sp=0x0000007c23ef7ae8 mode 0
Event: 12194.331 Thread 0x00000272b346c6c0 Uncommon trap: trap_request=0xffffff45 fr.pc=0x00000272887f8f90 relative=0x00000000000006d0
Event: 12194.331 Thread 0x00000272b346c6c0 Uncommon trap: reason=unstable_if action=reinterpret pc=0x00000272887f8f90 method=com.google.common.cache.LocalCache$Segment.expireEntries(J)V @ 84 c2
Event: 12194.331 Thread 0x00000272b346c6c0 DEOPT PACKING pc=0x00000272887f8f90 sp=0x0000007c23ef88f0
Event: 12194.331 Thread 0x00000272b346c6c0 DEOPT UNPACKING pc=0x00000272874a23a3 sp=0x0000007c23ef8848 mode 2

Classes unloaded (20 events):
Event: 12180.335 Thread 0x000002729461c8a0 Unloading class 0x0000027296680c00 'jdk/internal/reflect/GeneratedSerializationConstructorAccessor13'
Event: 12180.335 Thread 0x000002729461c8a0 Unloading class 0x0000027296680800 'jdk/internal/reflect/GeneratedSerializationConstructorAccessor12'
Event: 12180.335 Thread 0x000002729461c8a0 Unloading class 0x0000027296680400 'jdk/internal/reflect/GeneratedSerializationConstructorAccessor11'
Event: 12180.335 Thread 0x000002729461c8a0 Unloading class 0x0000027296680000 'jdk/internal/reflect/GeneratedSerializationConstructorAccessor10'
Event: 12180.335 Thread 0x000002729461c8a0 Unloading class 0x000002729665d400 'jdk/internal/reflect/GeneratedSerializationConstructorAccessor9'
Event: 12180.335 Thread 0x000002729461c8a0 Unloading class 0x000002729665c800 'jdk/internal/reflect/GeneratedSerializationConstructorAccessor6'
Event: 12180.335 Thread 0x000002729461c8a0 Unloading class 0x000002729665c400 'jdk/internal/reflect/GeneratedSerializationConstructorAccessor5'
Event: 12180.335 Thread 0x000002729461c8a0 Unloading class 0x000002729665c000 'jdk/internal/reflect/GeneratedSerializationConstructorAccessor4'
Event: 12185.154 Thread 0x000002729461c8a0 Unloading class 0x0000027296a503e8 '_BuildScript_$_run_closure1$_closure3'
Event: 12185.154 Thread 0x000002729461c8a0 Unloading class 0x0000027296a50000 '_BuildScript_$_run_closure1$_closure2'
Event: 12185.154 Thread 0x000002729461c8a0 Unloading class 0x0000027296b70918 '_BuildScript_$_run_closure1'
Event: 12185.154 Thread 0x000002729461c8a0 Unloading class 0x0000027296b703e8 '_BuildScript_'
Event: 12185.154 Thread 0x000002729461c8a0 Unloading class 0x0000027296b70000 'JetGradlePlugin$_apply_closure1$_closure2$_closure3'
Event: 12185.154 Thread 0x000002729461c8a0 Unloading class 0x0000027296a943e8 'JetGradlePlugin$_apply_closure1$_closure2'
Event: 12185.154 Thread 0x000002729461c8a0 Unloading class 0x0000027296a94000 'JetGradlePlugin$_apply_closure1'
Event: 12185.154 Thread 0x000002729461c8a0 Unloading class 0x0000027296b712c8 'JetGradlePlugin'
Event: 12185.154 Thread 0x000002729461c8a0 Unloading class 0x0000027296b71000 'RegistryProcessor'
Event: 12185.154 Thread 0x000002729461c8a0 Unloading class 0x0000027296bf4918 '_BuildScript_$_run_closure1$_closure2'
Event: 12185.154 Thread 0x000002729461c8a0 Unloading class 0x0000027296bf4530 '_BuildScript_$_run_closure1'
Event: 12185.154 Thread 0x000002729461c8a0 Unloading class 0x0000027296bf4000 '_BuildScript_'

Classes redefined (0 events):
No events

Internal exceptions (20 events):
Event: 12182.172 Thread 0x00000272b346c6c0 Exception <a 'java/lang/ClassNotFoundException'{0x00000000fd65a460}: org/gradle/api/file/CopySpecBeanInfo> (0x00000000fd65a460) 
thrown [s\open\src\hotspot\share\classfile\systemDictionary.cpp, line 256]
Event: 12182.172 Thread 0x00000272b346c6c0 Exception <a 'java/lang/ClassNotFoundException'{0x00000000fd6650b0}: org/gradle/api/file/CopySpecCustomizer> (0x00000000fd6650b0) 
thrown [s\open\src\hotspot\share\classfile\systemDictionary.cpp, line 256]
Event: 12182.173 Thread 0x00000272b346c6c0 Exception <a 'java/lang/ClassNotFoundException'{0x00000000fd6b15d8}: org/gradle/api/file/CopySourceSpecBeanInfo> (0x00000000fd6b15d8) 
thrown [s\open\src\hotspot\share\classfile\systemDictionary.cpp, line 256]
Event: 12182.173 Thread 0x00000272b346c6c0 Exception <a 'java/lang/ClassNotFoundException'{0x00000000fd6bc668}: org/gradle/api/file/CopySourceSpecCustomizer> (0x00000000fd6bc668) 
thrown [s\open\src\hotspot\share\classfile\systemDictionary.cpp, line 256]
Event: 12182.174 Thread 0x00000272b346c6c0 Exception <a 'java/lang/ClassNotFoundException'{0x00000000fd6d27c0}: org/gradle/api/file/CopyProcessingSpecBeanInfo> (0x00000000fd6d27c0) 
thrown [s\open\src\hotspot\share\classfile\systemDictionary.cpp, line 256]
Event: 12182.174 Thread 0x00000272b346c6c0 Exception <a 'java/lang/ClassNotFoundException'{0x00000000fd6ddbe8}: org/gradle/api/file/CopyProcessingSpecCustomizer> (0x00000000fd6ddbe8) 
thrown [s\open\src\hotspot\share\classfile\systemDictionary.cpp, line 256]
Event: 12182.175 Thread 0x00000272b346c6c0 Exception <a 'java/lang/ClassNotFoundException'{0x00000000fd6fe908}: org/gradle/api/file/ContentFilterableBeanInfo> (0x00000000fd6fe908) 
thrown [s\open\src\hotspot\share\classfile\systemDictionary.cpp, line 256]
Event: 12182.175 Thread 0x00000272b346c6c0 Exception <a 'java/lang/ClassNotFoundException'{0x00000000fcd0a040}: org/gradle/api/file/ContentFilterableCustomizer> (0x00000000fcd0a040) 
thrown [s\open\src\hotspot\share\classfile\systemDictionary.cpp, line 256]
Event: 12182.176 Thread 0x00000272b346c6c0 Exception <a 'java/lang/ClassNotFoundException'{0x00000000fcd24e98}: org/gradle/api/tasks/util/PatternFilterableBeanInfo> (0x00000000fcd24e98) 
thrown [s\open\src\hotspot\share\classfile\systemDictionary.cpp, line 256]
Event: 12182.176 Thread 0x00000272b346c6c0 Exception <a 'java/lang/ClassNotFoundException'{0x00000000fcd30240}: org/gradle/api/tasks/util/PatternFilterableCustomizer> (0x00000000fcd30240) 
thrown [s\open\src\hotspot\share\classfile\systemDictionary.cpp, line 256]
Event: 12182.176 Thread 0x00000272b346c6c0 Exception <a 'java/lang/ClassNotFoundException'{0x00000000fcd4e200}: org/gradle/api/internal/GeneratedSubclassBeanInfo> (0x00000000fcd4e200) 
thrown [s\open\src\hotspot\share\classfile\systemDictionary.cpp, line 256]
Event: 12182.176 Thread 0x00000272b346c6c0 Exception <a 'java/lang/ClassNotFoundException'{0x00000000fcd581a0}: org/gradle/api/internal/GeneratedSubclassCustomizer> (0x00000000fcd581a0) 
thrown [s\open\src\hotspot\share\classfile\systemDictionary.cpp, line 256]
Event: 12182.177 Thread 0x00000272b346c6c0 Exception <a 'java/lang/ClassNotFoundException'{0x00000000fcd6b490}: org/gradle/internal/state/ModelObjectBeanInfo> (0x00000000fcd6b490) 
thrown [s\open\src\hotspot\share\classfile\systemDictionary.cpp, line 256]
Event: 12182.177 Thread 0x00000272b346c6c0 Exception <a 'java/lang/ClassNotFoundException'{0x00000000fcd75528}: org/gradle/internal/state/ModelObjectCustomizer> (0x00000000fcd75528) 
thrown [s\open\src\hotspot\share\classfile\systemDictionary.cpp, line 256]
Event: 12182.177 Thread 0x00000272b346c6c0 Exception <a 'java/lang/ClassNotFoundException'{0x00000000fcd8a6f0}: org/gradle/internal/state/OwnerAwareBeanInfo> (0x00000000fcd8a6f0) 
thrown [s\open\src\hotspot\share\classfile\systemDictionary.cpp, line 256]
Event: 12182.178 Thread 0x00000272b346c6c0 Exception <a 'java/lang/ClassNotFoundException'{0x00000000fcd948f8}: org/gradle/internal/state/OwnerAwareCustomizer> (0x00000000fcd948f8) 
thrown [s\open\src\hotspot\share\classfile\systemDictionary.cpp, line 256]
Event: 12182.178 Thread 0x00000272b346c6c0 Exception <a 'java/lang/ClassNotFoundException'{0x00000000fcda7350}: org/gradle/api/internal/DynamicObjectAwareBeanInfo> (0x00000000fcda7350) 
thrown [s\open\src\hotspot\share\classfile\systemDictionary.cpp, line 256]
Event: 12182.178 Thread 0x00000272b346c6c0 Exception <a 'java/lang/ClassNotFoundException'{0x00000000fcdb1598}: org/gradle/api/internal/DynamicObjectAwareCustomizer> (0x00000000fcdb1598) 
thrown [s\open\src\hotspot\share\classfile\systemDictionary.cpp, line 256]
Event: 12182.179 Thread 0x00000272b346c6c0 Exception <a 'java/lang/ClassNotFoundException'{0x00000000fcdd3fb8}: groovy/lang/GroovyObjectBeanInfo> (0x00000000fcdd3fb8) 
thrown [s\open\src\hotspot\share\classfile\systemDictionary.cpp, line 256]
Event: 12182.179 Thread 0x00000272b346c6c0 Exception <a 'java/lang/ClassNotFoundException'{0x00000000fcdeb698}: groovy/lang/GroovyObjectCustomizer> (0x00000000fcdeb698) 
thrown [s\open\src\hotspot\share\classfile\systemDictionary.cpp, line 256]

VM Operations (20 events):
Event: 12185.100 Executing VM operation: G1CollectForAllocation done
Event: 12185.153 Executing VM operation: G1Concurrent
Event: 12185.178 Executing VM operation: G1Concurrent done
Event: 12185.196 Executing VM operation: G1Concurrent
Event: 12185.212 Executing VM operation: G1Concurrent done
Event: 12186.224 Executing VM operation: Cleanup
Event: 12186.225 Executing VM operation: Cleanup done
Event: 12187.227 Executing VM operation: Cleanup
Event: 12187.228 Executing VM operation: Cleanup done
Event: 12187.420 Executing VM operation: G1CollectForAllocation
Event: 12187.431 Executing VM operation: G1CollectForAllocation done
Event: 12187.589 Executing VM operation: G1CollectForAllocation
Event: 12187.599 Executing VM operation: G1CollectForAllocation done
Event: 12187.911 Executing VM operation: HandshakeAllThreads
Event: 12187.912 Executing VM operation: HandshakeAllThreads done
Event: 12188.919 Executing VM operation: Cleanup
Event: 12188.919 Executing VM operation: Cleanup done
Event: 12194.978 Executing VM operation: Cleanup
Event: 12195.363 Executing VM operation: Cleanup done
Event: 12196.368 Executing VM operation: Cleanup

Events (20 events):
Event: 12187.952 Thread 0x0000027294648e70 flushing nmethod 0x00000272814b9110
Event: 12187.953 Thread 0x0000027294648e70 flushing nmethod 0x00000272815b1710
Event: 12187.953 Thread 0x0000027294648e70 flushing nmethod 0x0000027281620390
Event: 12187.953 Thread 0x0000027294648e70 flushing nmethod 0x0000027281639290
Event: 12187.953 Thread 0x0000027294648e70 flushing nmethod 0x0000027281672b10
Event: 12187.956 Thread 0x0000027294648e70 flushing nmethod 0x0000027281994f90
Event: 12187.956 Thread 0x0000027294648e70 flushing nmethod 0x0000027281995710
Event: 12187.958 Thread 0x0000027294648e70 flushing nmethod 0x0000027281cb6290
Event: 12187.960 Thread 0x0000027294648e70 flushing nmethod 0x0000027281ea1410
Event: 12187.960 Thread 0x0000027294648e70 flushing nmethod 0x0000027281f2cc90
Event: 12187.966 Thread 0x0000027294648e70 flushing nmethod 0x0000027282444d90
Event: 12187.968 Thread 0x0000027294648e70 flushing nmethod 0x000002728266a710
Event: 12187.968 Thread 0x0000027294648e70 flushing nmethod 0x0000027282683610
Event: 12187.968 Thread 0x0000027294648e70 flushing nmethod 0x0000027282684e90
Event: 12187.968 Thread 0x0000027294648e70 flushing nmethod 0x0000027282694410
Event: 12187.968 Thread 0x0000027294648e70 flushing nmethod 0x0000027282695090
Event: 12193.012 Thread 0x00000272b0570b00 Thread exited: 0x00000272b0570b00
Event: 12194.301 Thread 0x00000272afaba4c0 Thread exited: 0x00000272afaba4c0
Event: 12194.343 Thread 0x00000272afab94d0 Thread added: 0x00000272afab94d0
Event: 12194.343 Thread 0x00000272afaba4c0 Thread added: 0x00000272afaba4c0


Dynamic libraries:
0x00007ff7602d0000 - 0x00007ff7602e0000 	C:\Program Files\Java\jdk-17\bin\java.exe
0x00007ffed3c80000 - 0x00007ffed3ee8000 	C:\WINDOWS\SYSTEM32\ntdll.dll
0x00007ffed1e80000 - 0x00007ffed1f49000 	C:\WINDOWS\System32\KERNEL32.DLL
0x00007ffed10c0000 - 0x00007ffed14b2000 	C:\WINDOWS\System32\KERNELBASE.dll
0x00007ffed0f70000 - 0x00007ffed10bb000 	C:\WINDOWS\System32\ucrtbase.dll
0x00007ffecd820000 - 0x00007ffecd839000 	C:\Program Files\Java\jdk-17\bin\jli.dll
0x00007ffeb64c0000 - 0x00007ffeb64db000 	C:\Program Files\Java\jdk-17\bin\VCRUNTIME140.dll
0x00007ffed2100000 - 0x00007ffed21b4000 	C:\WINDOWS\System32\ADVAPI32.dll
0x00007ffed1d10000 - 0x00007ffed1db9000 	C:\WINDOWS\System32\msvcrt.dll
0x00007ffed3560000 - 0x00007ffed3606000 	C:\WINDOWS\System32\sechost.dll
0x00007ffed3760000 - 0x00007ffed3878000 	C:\WINDOWS\System32\RPCRT4.dll
0x00007ffed2ba0000 - 0x00007ffed2d65000 	C:\WINDOWS\System32\USER32.dll
0x00007ffed0f40000 - 0x00007ffed0f67000 	C:\WINDOWS\System32\win32u.dll
0x00007ffed1ce0000 - 0x00007ffed1d0b000 	C:\WINDOWS\System32\GDI32.dll
0x00007ffed0e10000 - 0x00007ffed0f3d000 	C:\WINDOWS\System32\gdi32full.dll
0x00007ffeb43f0000 - 0x00007ffeb4683000 	C:\WINDOWS\WinSxS\amd64_microsoft.windows.common-controls_6595b64144ccf1df_6.0.26100.6899_none_3e0efeeae32e88c1\COMCTL32.dll
0x00007ffed1910000 - 0x00007ffed19b3000 	C:\WINDOWS\System32\msvcp_win.dll
0x00007ffebeaa0000 - 0x00007ffebeaab000 	C:\WINDOWS\SYSTEM32\VERSION.dll
0x00007ffed3c00000 - 0x00007ffed3c2f000 	C:\WINDOWS\System32\IMM32.DLL
0x00007ffebbdd0000 - 0x00007ffebbddc000 	C:\Program Files\Java\jdk-17\bin\vcruntime140_1.dll
0x00007ffea6aa0000 - 0x00007ffea6b2e000 	C:\Program Files\Java\jdk-17\bin\msvcp140.dll
0x00007ffe37ba0000 - 0x00007ffe38780000 	C:\Program Files\Java\jdk-17\bin\server\jvm.dll
0x00007ffed20f0000 - 0x00007ffed20f8000 	C:\WINDOWS\System32\PSAPI.DLL
0x00007ffebbd00000 - 0x00007ffebbd0a000 	C:\WINDOWS\SYSTEM32\WSOCK32.dll
0x00007ffec74c0000 - 0x00007ffec74f5000 	C:\WINDOWS\SYSTEM32\WINMM.dll
0x00007ffed34e0000 - 0x00007ffed3554000 	C:\WINDOWS\System32\WS2_32.dll
0x00007ffecfba0000 - 0x00007ffecfbbb000 	C:\WINDOWS\SYSTEM32\kernel.appcore.dll
0x00007ffebaa30000 - 0x00007ffebaa3a000 	C:\Program Files\Java\jdk-17\bin\jimage.dll
0x00007ffece200000 - 0x00007ffece442000 	C:\WINDOWS\SYSTEM32\DBGHELP.DLL
0x00007ffed3880000 - 0x00007ffed3bfb000 	C:\WINDOWS\System32\combase.dll
0x00007ffed2ee0000 - 0x00007ffed2fb7000 	C:\WINDOWS\System32\OLEAUT32.dll
0x00007ffeb5480000 - 0x00007ffeb54bc000 	C:\WINDOWS\SYSTEM32\dbgcore.DLL
0x00007ffed17b0000 - 0x00007ffed1848000 	C:\WINDOWS\System32\bcryptPrimitives.dll
0x00007ffeb6960000 - 0x00007ffeb696e000 	C:\Program Files\Java\jdk-17\bin\instrument.dll
0x00007ffea7c60000 - 0x00007ffea7c85000 	C:\Program Files\Java\jdk-17\bin\java.dll
0x00007ffe67b80000 - 0x00007ffe67c57000 	C:\Program Files\Java\jdk-17\bin\jsvml.dll
0x00007ffed2450000 - 0x00007ffed2b9d000 	C:\WINDOWS\System32\SHELL32.dll
0x00007ffed14c0000 - 0x00007ffed162b000 	C:\WINDOWS\System32\wintypes.dll
0x00007ffecea40000 - 0x00007ffecf29d000 	C:\WINDOWS\SYSTEM32\windows.storage.dll
0x00007ffed3660000 - 0x00007ffed3752000 	C:\WINDOWS\System32\SHCORE.dll
0x00007ffed2fc0000 - 0x00007ffed3022000 	C:\WINDOWS\System32\shlwapi.dll
0x00007ffed0d30000 - 0x00007ffed0d59000 	C:\WINDOWS\SYSTEM32\profapi.dll
0x00007ffeb5f40000 - 0x00007ffeb5f58000 	C:\Program Files\Java\jdk-17\bin\zip.dll
0x00007ffea7c40000 - 0x00007ffea7c59000 	C:\Program Files\Java\jdk-17\bin\net.dll
0x00007ffec9930000 - 0x00007ffec9a4f000 	C:\WINDOWS\SYSTEM32\WINHTTP.dll
0x00007ffed00f0000 - 0x00007ffed015b000 	C:\WINDOWS\system32\mswsock.dll
0x00007ffea7c20000 - 0x00007ffea7c36000 	C:\Program Files\Java\jdk-17\bin\nio.dll
0x00007ffeb5960000 - 0x00007ffeb5970000 	C:\Program Files\Java\jdk-17\bin\verify.dll
0x00007ffeb5f60000 - 0x00007ffeb5f87000 	C:\Users\ict1\.gradle\native\1def1411415f61bf3af743bc5b6707747c0891f09f0c88961ee8f79bc544acac\windows-amd64\native-platform.dll
0x00007ffe67b00000 - 0x00007ffe67b78000 	C:\Users\ict1\.gradle\native\0.2.7\x86_64-windows-gnu\gradle-fileevents.dll
0x00007ffeb4060000 - 0x00007ffeb406a000 	C:\Program Files\Java\jdk-17\bin\management.dll
0x00007ffeb4030000 - 0x00007ffeb403b000 	C:\Program Files\Java\jdk-17\bin\management_ext.dll
0x00007ffecf5a0000 - 0x00007ffecf5d4000 	C:\WINDOWS\SYSTEM32\IPHLPAPI.DLL
0x00007ffed2ed0000 - 0x00007ffed2eda000 	C:\WINDOWS\System32\NSI.dll
0x00007ffec9890000 - 0x00007ffec98ae000 	C:\WINDOWS\SYSTEM32\dhcpcsvc6.DLL
0x00007ffec9860000 - 0x00007ffec9883000 	C:\WINDOWS\SYSTEM32\dhcpcsvc.DLL
0x00007ffecf5e0000 - 0x00007ffecf706000 	C:\WINDOWS\SYSTEM32\DNSAPI.dll
0x00007ffed04d0000 - 0x00007ffed04eb000 	C:\WINDOWS\SYSTEM32\CRYPTSP.dll
0x00007ffecfb00000 - 0x00007ffecfb3b000 	C:\WINDOWS\system32\rsaenh.dll
0x00007ffed0190000 - 0x00007ffed01bb000 	C:\WINDOWS\SYSTEM32\USERENV.dll
0x00007ffed0d00000 - 0x00007ffed0d26000 	C:\WINDOWS\SYSTEM32\bcrypt.dll
0x00007ffed0330000 - 0x00007ffed033c000 	C:\WINDOWS\SYSTEM32\CRYPTBASE.dll
0x00007ffeb3b50000 - 0x00007ffeb3b5e000 	C:\Program Files\Java\jdk-17\bin\sunmscapi.dll
0x00007ffed1630000 - 0x00007ffed17a7000 	C:\WINDOWS\System32\CRYPT32.dll
0x00007ffed0620000 - 0x00007ffed0650000 	C:\WINDOWS\SYSTEM32\ncrypt.dll
0x00007ffed05d0000 - 0x00007ffed060f000 	C:\WINDOWS\SYSTEM32\NTASN1.dll
0x00007ffeb11d0000 - 0x00007ffeb11d8000 	C:\WINDOWS\system32\wshunix.dll
0x00007ffecfcc0000 - 0x00007ffecfcf6000 	C:\WINDOWS\SYSTEM32\ntmarta.dll

dbghelp: loaded successfully - version: 4.0.5 - missing functions: none
symbol engine: initialized successfully - sym options: 0x614 - pdb path: .;C:\Program Files\Java\jdk-17\bin;C:\WINDOWS\SYSTEM32;C:\WINDOWS\WinSxS\amd64_microsoft.windows.common-controls_6595b64144ccf1df_6.0.26100.6899_none_3e0efeeae32e88c1;C:\Program Files\Java\jdk-17\bin\server;C:\Users\ict1\.gradle\native\1def1411415f61bf3af743bc5b6707747c0891f09f0c88961ee8f79bc544acac\windows-amd64;C:\Users\ict1\.gradle\native\0.2.7\x86_64-windows-gnu

VM Arguments:
jvm_args: --add-opens=java.base/java.lang=ALL-UNNAMED --add-opens=java.base/java.lang.invoke=ALL-UNNAMED --add-opens=java.base/java.util=ALL-UNNAMED --add-opens=java.prefs/java.util.prefs=ALL-UNNAMED --add-exports=jdk.compiler/com.sun.tools.javac.api=ALL-UNNAMED --add-exports=jdk.compiler/com.sun.tools.javac.util=ALL-UNNAMED --add-opens=java.base/java.util=ALL-UNNAMED --add-opens=java.prefs/java.util.prefs=ALL-UNNAMED --add-opens=java.base/java.nio.charset=ALL-UNNAMED --add-opens=java.base/java.net=ALL-UNNAMED --add-opens=java.base/java.util.concurrent.atomic=ALL-UNNAMED --add-opens=java.xml/javax.xml.namespace=ALL-UNNAMED -XX:MaxMetaspaceSize=384m -XX:+HeapDumpOnOutOfMemoryError -Xms256m -Xmx512m -Dfile.encoding=UTF-8 -Duser.country=KR -Duser.language=ko -Duser.variant -javaagent:C:\Users\ict1\.gradle\wrapper\dists\gradle-8.14.3-bin\cv11ve7ro1n3o1j4so8xd9n66\gradle-8.14.3\lib\agents\gradle-instrumentation-agent-8.14.3.jar 
java_command: org.gradle.launcher.daemon.bootstrap.GradleDaemon 8.14.3
java_class_path (initial): C:\Users\ict1\.gradle\wrapper\dists\gradle-8.14.3-bin\cv11ve7ro1n3o1j4so8xd9n66\gradle-8.14.3\lib\gradle-daemon-main-8.14.3.jar
Launcher Type: SUN_STANDARD

[Global flags]
     intx CICompilerCount                          = 12                                        {product} {ergonomic}
   size_t CompressedClassSpaceSize                 = 335544320                                 {product} {ergonomic}
     uint ConcGCThreads                            = 5                                         {product} {ergonomic}
     uint G1ConcRefinementThreads                  = 18                                        {product} {ergonomic}
   size_t G1HeapRegionSize                         = 1048576                                   {product} {ergonomic}
    uintx GCDrainStackTargetSize                   = 64                                        {product} {ergonomic}
     bool HeapDumpOnOutOfMemoryError               = true                                   {manageable} {command line}
   size_t InitialHeapSize                          = 268435456                                 {product} {command line}
   size_t MarkStackSize                            = 4194304                                   {product} {ergonomic}
   size_t MaxHeapSize                              = 536870912                                 {product} {command line}
   size_t MaxMetaspaceSize                         = 402653184                                 {product} {command line}
   size_t MaxNewSize                               = 321912832                                 {product} {ergonomic}
   size_t MinHeapDeltaBytes                        = 1048576                                   {product} {ergonomic}
   size_t MinHeapSize                              = 268435456                                 {product} {command line}
    uintx NonNMethodCodeHeapSize                   = 7602480                                {pd product} {ergonomic}
    uintx NonProfiledCodeHeapSize                  = 122027880                              {pd product} {ergonomic}
    uintx ProfiledCodeHeapSize                     = 122027880                              {pd product} {ergonomic}
    uintx ReservedCodeCacheSize                    = 251658240                              {pd product} {ergonomic}
     bool SegmentedCodeCache                       = true                                      {product} {ergonomic}
   size_t SoftMaxHeapSize                          = 536870912                              {manageable} {ergonomic}
     bool UseCompressedClassPointers               = true                           {product lp64_product} {ergonomic}
     bool UseCompressedOops                        = true                           {product lp64_product} {ergonomic}
     bool UseG1GC                                  = true                                      {product} {ergonomic}
     bool UseLargePagesIndividualAllocation        = false                                  {pd product} {ergonomic}

Logging:
Log output configuration:
 #0: stdout all=warning uptime,level,tags
 #1: stderr all=off uptime,level,tags

Environment Variables:
PATH=C:\oraclexe\app\oracle\product\11.2.0\server\bin;C:\Program Files\Common Files\Oracle\Java\javapath;C:\WINDOWS\system32;C:\WINDOWS;C:\WINDOWS\System32\Wbem;C:\WINDOWS\System32\WindowsPowerShell\v1.0\;C:\WINDOWS\System32\OpenSSH\;C:\Program Files\Java\jdk-17\bin;C:\Program Files\Bandizip\;C:\Program Files\Git\cmd;C:\ProgramData\chocolatey\bin;C:\Users\ict1\AppData\Roaming\npm;C:\Program Files\nodejs;C:\Program Files\PuTTY\;C:\Users\ict1\AppData\Local\Programs\Python\Launcher\;C:\Users\ict1\AppData\Local\Microsoft\WindowsApps;C:\Program Files\JetBrains\PyCharm 2025.2\bin;C:\Programs\Microsoft VS Code\bin;C:\Program Files\JetBrains\IntelliJ IDEA Community Edition 2025.2.4\bin
USERNAME=ict1
OS=Windows_NT
PROCESSOR_IDENTIFIER=Intel64 Family 6 Model 183 Stepping 1, GenuineIntel



---------------  S Y S T E M  ---------------

OS:
 Windows 11 , 64 bit Build 26100 (10.0.26100.6725)
OS uptime: 17 days 18:40 hours
Hyper-V role detected

CPU: total 24 (initial active 24) (12 cores per cpu, 2 threads per core) family 6 model 183 stepping 1 microcode 0x12b, cx8, cmov, fxsr, ht, mmx, 3dnowpref, sse, sse2, sse3, ssse3, sse4.1, sse4.2, popcnt, lzcnt, tsc, tscinvbit, avx, avx2, aes, erms, clmul, bmi1, bmi2, adx, sha, fma, vzeroupper, clflush, clflushopt, clwb, hv

Memory: 4k page, system-wide physical 32396M (12553M free)
TotalPageFile size 130700M (AvailPageFile size 0M)
current process WorkingSet (physical memory assigned to process): 838M, peak: 894M
current process commit charge ("private bytes"): 924M, peak: 974M

vm_info: Java HotSpot(TM) 64-Bit Server VM (17.0.12+8-LTS-286) for windows-amd64 JRE (17.0.12+8-LTS-286), built on Jun  5 2024 06:46:59 by "mach5one" with MS VC++ 17.6 (VS2022)

END.
